,Full Address,,Postcode,Permitted Occupants,Licence issue date,Licence expiry date,Licence number
Flat 1b                         ,1,Abbeydale Road,S7 1FA,7,17-Nov-23,20-Jun-28,6272
Flat 1a                         ,1,Abbeydale Road,S7 1FA,6,17-Nov-23,20-Jun-28,6271
Flat 1c                         ,1,Abbeydale Road,S7 1FA,6,17-Nov-23,20-Jun-28,6273
Flat 1d                         ,1,Abbeydale Road,S7 1FA,6,17-Nov-23,20-Jun-28,6274
Flat 1e                         ,1,Abbeydale Road,S7 1FA,6,17-Nov-23,20-Jun-28,6275
                                ,47,Abbeydale Road,S7 1FA,5,07-Aug-23,08-May-28,6228
                                ,53,Abbeydale Road,S7 1FA,6,16-Aug-21,16-Aug-26,5428
                                ,61,Abbeydale Road,S7 1FA,5,09-Jul-25,01-Jun-29,6561
                                ,265,Abbeydale Road,S7 1FJ,8,08-Jul-25,07-Jul-30,6968
                                ,273,Abbeydale Road,S7 1FJ,6,10-Feb-26,06-Feb-30,6974
                                ,285,Abbeydale Road,S7 1FJ,5,16-Oct-23,10-Sep-28,6261
                                ,287,Abbeydale Road,S7 1FJ,5,08-Feb-24,07-Feb-29,6469
                                ,297,Abbeydale Road,S7 1FJ,5,17-Mar-26,31-May-30,7075
                                ,301,Abbeydale Road,S7 1FJ,6,29-Oct-22,28-Oct-27,6435
                                ,384,Abbeydale Road,S7 1FP,5,07-Sep-22,21-Dec-26,5939
                                ,416,Abbeydale Road,S7 1FQ,5,20-May-22,05-Apr-27,5771
                                ,729,Abbeydale Road,S7 2BG,5,27-Feb-23,14-Dec-27,6127
                                ,218,Abbeyfield Road,S4 7AZ,6,28-Feb-23,31-Oct-27,6154
                                ,208-210,Abbeyfield Road,S4 7AZ,5,08-Aug-23,05-Jun-28,6227
                                ,4,Agden Road,S7 1LY,11,01-Nov-21,02-Jun-26,5519
                                ,4,Ainsley Road,S10 1EU,5,23-Jan-24,12-Nov-28,6302
                                ,14,Ainsley Road,S10 1EU,5,20-Mar-24,04-Sep-28,6348
                                ,48,Alderson Road,S2 4UD,5,08-Oct-21,27-Apr-26,5487
                                ,145,Alderson Road,S2 4UE,6,12-Mar-26,17-Dec-29,7056
                                ,28,Aldred Road,S10 1PD,5,12-Aug-24,11-Aug-29,6769
                                ,58-60,Aldred Road,S10 1PD,8,09-Feb-23,08-Feb-28,6103
                                ,,Apartment 7 100a Matilda Street,S1 4QF,0,14-Mar-23,08-Jun-27,6156
                                ,45,Archer Lane,S7 2BU,8,23-Nov-22,13-Jul-27,6059
Murray Building                 ,18,Arley Street,S2 4QP,8,05-Aug-21,11-Apr-26,5414
                                ,8,Ashdell Road,S10 3DA,5,30-May-22,11-Jan-27,5798
                                ,12,Ashdell Road,S10 3DA,5,03-Oct-25,16-Mar-30,6721
                                ,16,Ashdell Road,S10 3DA,5,24-Nov-25,12-Apr-30,6846
                                ,26,Ashdell Road,S10 3DA,5,20-Jun-25,12-Jan-30,6536
                                ,4a,Ashdell Road,S10 3DA,6,14-Jul-25,05-Jan-30,6570
                                ,35,Ashford Road,S11 8XZ,5,09-Nov-21,15-Jul-26,5536
                                ,14,Ashgate Road,S10 3BZ,9,16-Feb-26,22-Oct-30,6994
                                ,20,Ashgate Road,S10 3BZ,13,05-Jun-25,07-Dec-29,6525
Flat                            ,605-607,Attercliffe Road,S9 3RD,5,08-Sep-25,12-Feb-30,6705
                                ,4,Bankfield Road,S6 4RD,6,20-Jun-25,24-Sep-29,6517
                                ,28,Bannerdale Road,S7 2DL,5,19-Mar-25,03-Jun-29,6483
                                ,1,Barber Crescent,S10 1EF,6,10-Dec-25,20-Jan-30,6821
                                ,15,Barber Place,S10 1EG,6,12-Dec-25,19-May-30,6843
                                ,35,Barber Road,S10 1EA,6,08-Feb-22,27-Sep-26,5682
                                ,39,Barber Road,S10 1EA,5,25-Jul-22,24-Aug-26,5883
                                ,41,Barber Road,S10 1EA,5,06-Feb-26,20-Jul-30,6970
                                ,47,Barber Road,S10 1EA,5,12-Jul-22,08-May-27,5864
                                ,49,Barber Road,S10 1EA,5,21-Oct-25,20-Oct-30,6909
                                ,62,Barber Road,S10 1EE,6,12-May-25,11-May-30,6950
                                ,73,Barber Road,S10 1EB,5,07-Jul-25,09-Jul-29,6555
                                ,89,Barber Road,S10 1EB,5,15-Jul-25,16-Dec-29,6540
                                ,93,Barber Road,S10 1EB,5,22-Nov-22,31-Jul-27,6050
                                ,97-99,Barber Road,S10 1EB,5,05-Nov-25,17-Sep-29,6911
                                ,260,Barnsley Road,S4 7AG,7,13-Dec-24,12-Dec-29,6755
                                ,365,Barnsley Road,S5 7AA,6,26-Sep-25,11-Jun-30,6672
                                ,9,Bates Street,S10 1NP,5,29-Mar-25,28-Mar-30,7031
                                ,32,Bates Street,S10 1NQ,5,10-Sep-25,28-Feb-30,6649
                                ,44,Bates Street,S10 1NQ,5,16-Sep-25,15-Sep-30,7114
                                ,4,Beaufort Road,S10 2ST,6,22-Jun-23,23-Apr-28,6197
                                ,10,Beaufort Road,S10 2ST,7,17-Mar-23,08-Nov-27,6069
                                ,18,Beaufort Road,S10 2ST,8,26-Mar-26,15-Jun-30,7102
                                ,20,Beaufort Road,S10 2ST,7,12-Jul-23,14-May-28,6210
                                ,89,Beaumont Road North,S2 1RS,7,16-Jan-24,15-Jan-29,6464
                                ,15,Beech Hill Road,S10 2SA,7,21-Jun-25,20-Jun-30,7001
                                ,30,Beech Hill Road,S10 2SB,7,23-Aug-25,22-Aug-30,6840
                                ,34,Beech Hill Road,S10 2SB,8,21-Jul-25,16-Feb-30,6573
                                ,12,Beehive Road,S10 1EP,5,03-Jun-25,22-Jul-29,6523
                                ,17,Beehive Road,S10 1EP,5,15-Oct-25,17-Sep-29,6792
                                ,21,Beehive Road,S10 1EP,5,14-Apr-25,30-Sep-29,6490
Victoria Chambers               ,15,Beeley Street,S2 4LP,8,25-Jul-25,18-Jan-30,6581
                                ,13,Belgrave Square,S2 4UN,5,08-Oct-25,23-Jul-30,6727
"Apartment 1, Bells Apartments   ",8,Bells Square,S1 2FY,5,15-Jul-25,02-Dec-29,6546
"Apartment 3, Bells Apartments   ",8,Bells Square,S1 2FY,5,11-Nov-25,18-Oct-29,6946
"Apartment 2, Bells Apartments   ",8,Bells Square,S1 2FY,5,20-Aug-25,03-Dec-29,6586
Flat 2                          ,10,Bells Square,S1 2FY,5,05-Nov-25,11-Jun-29,6816
Flat 3                          ,10,Bells Square,S1 2FY,5,05-Nov-25,11-Jun-29,6817
Flat 2                          ,12,Bells Square,S1 2FY,5,03-Nov-25,06-Jun-29,6764
Flat 4                          ,12,Bells Square,S1 2FY,6,03-Nov-25,05-Jun-29,6762
Flat 5                          ,12,Bells Square,S1 2FY,5,21-Oct-25,09-Jun-29,6746
Flat 6                          ,12,Bells Square,S1 2FY,6,20-Oct-25,05-Jun-29,6743
Flat 7                          ,12,Bells Square,S1 2FY,5,20-Oct-25,12-Jun-29,6741
Flat 3                          ,14,Bells Square,S1 2FY,8,28-Oct-25,06-Jun-29,6768
Flat 4                          ,14,Bells Square,S1 2FY,7,04-Nov-25,11-Jun-29,6811
Flat 2                          ,14,Bells Square,S1 2FY,8,28-Oct-25,11-Jun-29,6767
Flat 1                          ,14,Bells Square,S1 2FY,5,23-Mar-26,04-Jun-29,6766
Park House                      ,81,Bernard Street,S2 5PU,18,15-Mar-24,10-Dec-28,6345
The Wharncliffe                 ,127,Bevercotes Road,S5 6HB,21,21-Nov-22,02-May-27,6044
                                ,115,Blair Athol Road,S11 7GD,5,15-Oct-25,16-Mar-30,6790
                                ,22,Blakeney Road,S10 1FE,5,24-Jul-24,23-Jul-29,6890
                                ,46,Blakeney Road,S10 1FE,0,29-Aug-23,19-Sep-28,6238
                                ,12,Bolsover Street,S3 7NA,6,02-Sep-25,01-Sep-30,6798
                                ,14,Bolsover Street,S3 7NA,6,02-Aug-22,23-Nov-26,5895
                                ,14,Bower Road,S10 1ER,5,16-Dec-25,03-Jun-29,6868
                                ,28,Bower Road,S10 1ER,6,01-Sep-23,23-Jun-28,6244
                                ,36,Bower Road,S10 1ER,5,12-Apr-22,21-Jul-26,5737
                                ,40,Bower Road,S10 1ER,5,17-Jun-22,01-Jan-27,5841
                                ,41,Bower Road,S10 1ER,6,25-Oct-21,09-Aug-26,5505
                                ,42,Bower Road,S10 1ER,5,11-Dec-25,02-Feb-30,6859
                                ,49,Bower Road,S10 1ER,9,16-Jun-22,05-Feb-27,5836
                                ,53,Bower Road,S10 1ER,6,21-Aug-25,07-Dec-29,6653
                                ,54,Bower Road,S10 1ER,5,05-Sep-25,13-Dec-29,6631
                                ,56,Bower Road,S10 1ER,6,18-Mar-26,20-Jan-30,7079
                                ,59,Bower Road,S10 1ER,6,14-Apr-25,13-Apr-30,7033
                                ,65,Bower Road,S10 1ER,6,23-Dec-25,10-May-30,6885
                                ,67,Bower Road,S10 1ER,7,02-Jun-25,01-Jun-30,6981
                                ,70,Bower Road,S10 1ER,5,19-Sep-25,18-Feb-30,6664
                                ,72,Bower Road,S10 1ER,5,20-Feb-25,19-Feb-30,6861
                                ,79,Bower Road,S10 1ER,6,08-Mar-24,27-Nov-27,6333
                                ,19a,Bower Road,S10 1ER,9,18-Jul-23,21-Mar-28,6213
                                ,19c,Bower Road,S10 1ER,6,19-Jul-23,13-Jan-28,6218
                                ,100,Bradley Street,S10 1PB,5,21-May-24,03-Jan-29,6425
                                ,144,Bradley Street,S10 1PB,5,11-Nov-25,09-Jul-29,6825
                                ,4,Bramwell Drive,S3 7PE,6,16-Oct-23,04-Aug-28,6259
                                ,10,Brandreth Close,S6 3JW,8,17-Nov-22,15-Mar-27,6028
                                ,12,Brandreth Close,S6 3JW,11,24-Mar-23,02-Mar-27,6161
                                ,4,Bridby Street,S13 7QE,5,16-Jan-26,24-Sep-30,6927
                                ,2,Brighton Terrace Road,S10 1NU,5,16-Jan-26,21-Jun-30,6933
                                ,36,Brighton Terrace Road,S10 1NU,6,12-Aug-24,11-Aug-29,6465
                                ,47,Brighton Terrace Road,S10 1NT,5,11-Nov-25,11-May-30,6826
                                ,1a,Bristol Road,S11 8RL,11,15-Nov-22,21-Nov-27,6005
                                ,22,Brocco Bank,S11 8RR,12,28-Jun-25,27-Jun-30,6978
                                ,42,Brocco Bank,S11 8RR,6,09-Jun-22,13-Apr-27,5828
                                ,68,Brocco Bank,S11 8RS,5,17-Aug-25,16-Aug-30,6907
                                ,74,Brocco Bank,S11 8RS,6,23-Dec-25,08-Dec-29,6887
The Albion                      ,4,Brook Drive,S3 7HN,9,05-Apr-24,08-Jan-29,6379
The Albion                      ,4a,Brook Drive,S3 7HN,8,03-Apr-24,03-Jan-29,6381
                                ,24,Brookfield Road,S7 1DW,6,18-Nov-22,02-Apr-27,6033
                                ,5,Broom Street,S10 2DA,5,01-Jun-22,26-Sep-26,5818
                                ,9,Broom Street,S10 2DA,6,09-Feb-23,24-Feb-28,6109
                                ,11,Broom Street,S10 2DA,6,10-Feb-23,24-Feb-28,6110
                                ,15,Broom Street,S10 2DA,6,26-Aug-25,16-Apr-30,6602
                                ,17,Broom Street,S10 2DA,6,22-Aug-22,14-Apr-27,5913
                                ,19,Broom Street,S10 2DA,6,10-Feb-23,25-Feb-28,6112
                                ,21,Broom Street,S10 2DA,6,02-Mar-23,25-Feb-28,6132
                                ,23,Broom Street,S10 2DA,6,09-Oct-23,24-Jul-28,6253
                                ,25,Broom Street,S10 2DA,6,21-Sep-23,24-Apr-28,6247
Flat B                          ,7,Broomgrove Crescent,S10 2LQ,6,17-Feb-25,04-Feb-29,6476
Flat B                          ,9,Broomgrove Crescent,S10 2LQ,6,02-Oct-23,01-Oct-28,6416
                                ,13,Broomgrove Crescent,S10 2LQ,8,20-Aug-25,27-Jan-30,6589
                                ,44,Broomgrove Road,S10 2NA,11,07-Oct-25,27-Feb-30,7106
                                ,68,Broomgrove Road,S10 2NA,8,08-Jul-25,03-Jan-30,6533
                                ,34,Broomhall Place,S10 2DG,8,11-Jun-25,10-Jun-30,7066
"Flat D, Fairfield House         ",1,Broomhall Road,S10 2DN,5,08-Apr-24,08-Jan-29,6389
"The Coach House, Fairfield Hou  ",1,Broomhall Road,S10 2DN,7,08-May-24,28-Jan-29,6405
"Flat C, Fairfield House         ",1,Broomhall Road,S10 2DN,6,08-Apr-24,10-Jan-29,6388
"Flat A, Fairfield House         ",1,Broomhall Road,S10 2DN,7,05-Apr-24,23-Jan-29,6386
"Flat B, Fairfield House         ",1,Broomhall Road,S10 2DN,7,03-Apr-24,27-Jan-29,6364
"Flat E, Fairfield House         ",1,Broomhall Road,S10 2DN,6,08-Apr-24,22-Jan-29,6387
"Flat 6, Broomhall Court         ",6,Broomhall Road,S10 2DN,5,19-Feb-24,18-Feb-29,6449
"Flat 5, Broomhall Court         ",6,Broomhall Road,S10 2DN,5,08-Jun-23,07-Jun-28,6185
                                ,24,Broomhall Road,S10 2DR,8,08-May-24,03-Jan-29,6409
                                ,24a,Broomhall Road,S10 2DR,6,08-May-24,07-Jan-29,6408
                                ,192,Broomhall Street,S3 7SQ,6,18-May-22,24-Oct-26,5750
                                ,194,Broomhall Street,S3 7SQ,6,27-Jul-22,14-Apr-27,5876
                                ,196,Broomhall Street,S3 7SQ,6,15-Oct-25,17-Jun-30,6793
Flat C                          ,210,Broomhall Street,S3 7SQ,5,12-Jan-24,01-Nov-28,6300
                                ,228,Broomhall Street,S3 7SQ,7,04-Oct-21,14-May-26,5482
                                ,232,Broomhall Street,S3 7SQ,5,03-Apr-24,18-Dec-28,6367
                                ,99,Broomspring Lane,S10 2FB,8,10-Nov-25,01-Apr-30,6823
                                ,103,Broomspring Lane,S10 2FD,5,11-Jul-25,11-Jan-30,6565
                                ,105,Broomspring Lane,S10 2FD,5,26-Sep-22,29-Aug-26,5952
                                ,113,Broomspring Lane,S10 2FD,5,26-Sep-22,27-Jul-26,5953
                                ,182,Broomspring Lane,S10 2FE,10,25-May-22,31-Aug-26,5784
                                ,25,Bruce Road,S11 8QD,5,08-Feb-22,04-Oct-26,5680
                                ,19,Brunswick Street,S10 2FJ,6,18-Feb-26,10-Jan-30,7004
                                ,23,Brunswick Street,S10 2FJ,5,14-Jul-25,07-Jan-30,6571
                                ,25,Brunswick Street,S10 2FJ,6,19-Mar-26,18-Feb-30,7082
                                ,27,Brunswick Street,S10 2FJ,6,15-Jul-25,16-Dec-29,6542
                                ,29,Brunswick Street,S10 2FJ,6,19-Mar-26,20-Jan-30,7083
                                ,51,Brunswick Street,S10 2FL,6,09-Jun-23,08-Jun-28,6187
                                ,53,Brunswick Street,S10 2FL,5,26-Jul-23,06-May-28,6219
                                ,54,Brunswick Street,S10 2FL,6,09-Jun-21,27-Apr-26,5345
                                ,55,Brunswick Street,S10 2FL,5,01-Aug-25,20-Jan-30,6598
                                ,65,Brunswick Street,S10 2FL,6,10-Feb-26,06-Feb-30,6973
                                ,68,Brunswick Street,S10 2FL,5,13-Jul-23,12-Jul-28,6211
                                ,70,Brunswick Street,S10 2FL,7,08-Jan-24,02-Aug-28,6263
                                ,71,Brunswick Street,S10 2FL,6,14-Feb-23,04-Dec-27,6108
                                ,74,Brunswick Street,S10 2FL,9,02-Jan-25,28-Nov-29,6466
                                ,79,Brunswick Street,S10 2FL,6,19-Jan-26,14-Aug-30,6934
                                ,80,Brunswick Street,S10 2FL,9,02-Sep-25,01-Sep-30,6799
                                ,83,Brunswick Street,S10 2FL,6,06-Oct-21,02-Jun-26,5485
                                ,85,Brunswick Street,S10 2FL,6,20-Jun-25,19-Jun-30,6763
                                ,13,Burngreave Road,S3 9DA,10,28-May-24,27-May-29,6450
                                ,32,Burngreave Road,S3 9DD,7,09-Feb-22,08-Feb-27,5687
                                ,61,Burngreave Road,S3 9DB,6,09-Mar-26,13-Oct-30,7050
                                ,77,Burngreave Road,S3 9DF,6,03-Apr-24,02-Apr-29,6366
                                ,81,Burngreave Road,S3 9DF,6,09-May-23,27-Jun-27,6180
                                ,6,Burns Road,S6 3GJ,5,10-Oct-23,21-Jul-28,6257
                                ,14,Burns Road,S6 3GJ,5,13-Aug-25,04-Feb-30,6582
                                ,52,Burns Road,S6 3GL,5,17-Nov-22,15-Mar-27,6030
                                ,54,Burns Road,S6 3GL,5,01-Feb-22,15-Nov-26,5661
                                ,87,Burns Road,S6 3GL,5,03-Jan-24,24-Oct-28,6293
                                ,8,Carter Knowle Road,S7 2DX,6,18-May-22,19-Aug-26,5763
                                ,27,Carter Knowle Road,S7 2DW,6,09-Mar-23,30-Nov-27,6137
                                ,33,Carter Knowle Road,S7 2DW,7,31-Jul-25,20-Feb-29,6591
                                ,35,Carter Knowle Road,S7 2DW,6,29-Feb-24,28-Feb-29,6462
                                ,41,Carterknowle Road,S7 2DW,6,14-Mar-23,07-May-27,6142
                                ,69,Carwood Road,S4 7SA,8,21-Aug-25,03-Dec-29,6654
                                ,5,Cemetery Avenue,S11 8NT,5,09-Jul-24,08-Jul-29,6326
                                ,7,Cemetery Avenue,S11 8NT,5,21-Jul-25,11-Jan-30,6575
                                ,8,Cemetery Avenue,S11 8NT,5,14-Jun-22,08-May-27,5832
                                ,10,Cemetery Avenue,S11 8NT,6,14-Oct-25,20-Jan-30,6782
                                ,11,Cemetery Avenue,S11 8NT,5,21-Jan-25,20-Jan-30,6969
                                ,12,Cemetery Avenue,S11 8NT,5,20-Aug-25,21-Apr-30,6585
                                ,16,Cemetery Avenue,S11 8NT,5,20-Jan-25,19-Jan-30,6949
                                ,17,Cemetery Avenue,S11 8NT,5,08-Aug-25,13-Dec-29,6619
                                ,18,Cemetery Avenue,S11 8NT,5,27-Aug-25,14-Dec-29,6609
                                ,22,Cemetery Avenue,S11 8NT,0,27-Aug-25,15-Sep-29,6612
                                ,24,Cemetery Avenue,S11 8NT,5,02-Jun-22,01-Jun-27,5809
                                ,25,Cemetery Avenue,S11 8NT,6,27-May-25,26-May-30,6937
                                ,26,Cemetery Avenue,S11 8NT,5,28-Nov-23,27-Nov-28,6318
                                ,27,Cemetery Avenue,S11 8NT,6,07-Oct-25,20-Jan-30,6724
                                ,28,Cemetery Avenue,S11 8NT,5,12-Jun-25,11-Jun-30,6939
                                ,29,Cemetery Avenue,S11 8NT,6,29-Mar-25,28-Mar-30,6841
                                ,30,Cemetery Avenue,S11 8NT,5,24-May-22,09-Jan-27,5778
                                ,31,Cemetery Avenue,S11 8NT,6,30-Aug-23,30-May-28,6239
                                ,33,Cemetery Avenue,S11 8NT,6,05-Mar-25,01-Feb-29,6477
                                ,38,Cemetery Avenue,S11 8NT,6,13-Apr-25,12-Apr-30,7009
                                ,42,Cemetery Avenue,S11 8NT,6,11-May-25,10-May-30,6938
Flat 2                          ,9,Cemetery Road,S11 8FJ,5,08-May-24,30-Jan-29,6407
                                ,154,Cemetery Road,S11 8FR,5,07-May-24,08-Jan-29,6402
                                ,181,Cemetery Road,S11 8FQ,5,01-Sep-23,20-Aug-28,6242
                                ,195,Cemetery Road,S11 8FQ,5,19-Jul-22,17-Jan-27,5872
                                ,207,Cemetery Road,S11 8FQ,7,17-May-22,27-Mar-27,5760
                                ,209,Cemetery Road,S11 8FQ,6,26-Apr-23,24-Jan-28,6165
                                ,235,Cemetery Road,S11 8FQ,6,26-Aug-25,26-Jan-30,6604
                                ,289,Cemetery Road,S11 8FS,6,02-Nov-21,08-Jun-26,5522
                                ,17a,Cemetery Road,S11 8FJ,6,14-Apr-25,20-Mar-29,6489
                                ,8 & 10,Chandos Street,S10 2PP,8,02-Jun-22,01-Jun-27,5810
                                ,43,Charlotte Road,S1 4TJ,6,16-Feb-26,20-Jan-30,6996
                                ,51,Charlotte Road,S1 4TJ,6,22-Dec-21,26-Oct-26,5626
                                ,72,Charlotte Road,S1 4TL,5,23-Nov-21,29-Jul-26,5557
                                ,96,Charlotte Road,S1 4TL,5,21-Feb-22,02-Feb-27,5712
                                ,127,Charlotte Road,S2 4EQ,5,10-Aug-22,09-Aug-27,6114
                                ,140,Charlotte Road,S2 4EQ,5,27-Jul-22,13-Aug-26,5886
                                ,144,Charlotte Road,S2 4EQ,5,27-Sep-21,23-Jul-26,5471
                                ,145,Charlotte Road,S2 4EQ,5,08-Mar-24,08-Nov-28,6329
                                ,159,Charlotte Road,S2 4EQ,5,23-Nov-22,13-Aug-27,6062
                                ,165,Charlotte Road,S2 4EQ,5,10-Nov-22,01-Nov-26,6000
                                ,66-68,Charlotte Road,S1 4TL,5,05-Mar-24,08-Nov-28,6323
                                ,109,Cherry Street,S2 4FF,6,01-Mar-24,28-Feb-29,6451
                                ,111,Cherry Street,S2 4FF,5,21-Jun-23,03-Jul-28,6191
                                ,229,Chesterfield Road,S8 0RP,6,13-Sep-21,08-Jun-26,5469
                                ,561,Chesterfield Road,S8 0RW,6,19-Mar-25,13-Feb-29,6484
                                ,104a,Chesterfield Road,S8 0RS,6,21-Mar-24,11-Dec-28,6349
                                ,649-651,Chesterfield Road,S8 0RY,6,28-Jun-23,01-Apr-28,6204
                                ,200,Chippinghouse Road,S7 1DR,5,21-Mar-24,08-Feb-28,6351
                                ,204,Chippinghouse Road,S7 1DR,7,23-Nov-23,30-Sep-28,6278
                                ,3,Christ Church Road,S3 9HN,8,15-Oct-25,28-Apr-30,6605
                                ,91,City Road,S2 5HF,5,20-Oct-21,29-Jun-26,5502
                                ,129,City Road,S2 5HF,6,16-May-22,15-Feb-27,5755
                                ,137,City Road,S2 5HF,5,05-Jul-22,30-Apr-27,5856
                                ,290,City Road,S2 5HQ,5,05-Aug-25,08-Sep-29,6606
                                ,356,City Road,S2 1GA,5,08-Oct-21,10-May-26,5490
                                ,810,City Road,S2 1GN,6,10-Aug-23,28-Jun-28,6230
                                ,6,Clarke Dell,S10 2NR,9,08-Jun-21,06-Jul-26,5823
                                ,22,Clarke Square,S2 4NZ,5,08-Nov-23,07-Nov-28,6331
                                ,8,Clarke Street,S10 2BS,11,30-Aug-23,24-Jul-28,6237
                                ,18,Clarke Street,S10 2BS,6,20-Dec-22,01-Jun-27,6084
                                ,26,Clarke Street,S10 2BS,6,21-Jun-25,20-Jun-30,7085
                                ,65,Clarkegrove Road,S10 2NH,7,08-Aug-22,13-Feb-27,5900
                                ,78,Clarkegrove Road,S10 2NJ,10,08-Jul-25,16-Dec-29,6532
                                ,6,Clarkehouse Road,S10 2LB,5,03-Nov-22,15-Aug-27,5986
                                ,8,Clarkehouse Road,S10 2LB,5,15-Nov-22,17-Aug-27,6016
                                ,10,Clarkehouse Road,S10 2LB,5,10-Aug-22,05-Dec-26,5903
                                ,14,Clarkehouse Road,S10 2LB,5,22-Feb-23,01-Sep-27,6124
                                ,29,Clarkehouse Road,S10 2LA,8,02-Jun-22,01-Jan-27,5811
                                ,65,Clarkehouse Road,S10 2LG,10,17-Apr-24,22-Feb-29,6396
                                ,19,Clementson Road,S10 1GS,5,15-Oct-25,14-Apr-30,6788
                                ,24,Clementson Road,S10 1GS,8,06-Feb-23,27-Nov-27,6105
                                ,29,Clementson Road,S10 1GS,5,08-Jan-26,12-May-30,6910
                                ,32,Clementson Road,S10 1GS,5,12-Mar-26,14-Mar-30,7059
                                ,56,Clough Road,S1 4TB,5,19-Mar-25,27-Feb-29,6481
                                ,60,Clough Road,S1 4TB,4,19-May-22,13-Mar-27,5767
                                ,67,Clough Road,S1 4TA,5,30-Aug-22,29-May-27,5929
                                ,71,Clough Road,S1 4TA,5,11-Apr-22,01-Mar-27,5733
                                ,85,Clough Road,S1 4TA,7,01-Apr-24,30-Jan-29,6377
                                ,120,Clough Road,S1 4TB,5,10-Mar-26,10-Sep-29,7053
                                ,84,Club Garden Road,S11 8BW,7,18-May-22,07-Dec-26,5751
                                ,97,Club Garden Road,S11 8BW,5,06-Jan-26,11-Jan-30,6900
                                ,98,Club Garden Road,S11 8BW,5,10-Jun-22,30-Sep-26,5830
                                ,99,Club Garden Road,S11 8BW,5,21-Nov-22,15-Apr-27,6041
                                ,101,Club Garden Road,S11 8BW,6,31-Oct-25,19-Dec-29,6805
                                ,103,Club Garden Road,S11 8BW,7,14-Oct-25,24-Nov-29,6786
                                ,106,Club Garden Road,S11 8BW,6,24-Nov-21,23-Nov-26,5562
                                ,119,Club Garden Road,S11 8BW,5,08-Aug-23,01-May-28,6223
                                ,121,Club Garden Road,S11 8BW,6,20-Dec-22,05-Nov-27,6082
                                ,123,Club Garden Road,S11 8BW,7,26-Sep-25,11-Mar-30,6684
                                ,145,Club Garden Road,S11 8BX,6,30-Sep-25,01-Dec-29,6716
                                ,29,Club Street,S11 8DE,5,18-Feb-22,17-Feb-27,5707
                                ,31,Club Street,S11 8DE,5,18-Feb-22,17-Feb-27,5706
                                ,2,Cobden Place,S10 1HL,5,04-Nov-25,04-Aug-30,6815
                                ,9,Cobden Place,S10 1HL,6,26-Jul-23,14-Jun-28,6215
                                ,2,Cobden View Road,S10 1HQ,6,03-Feb-26,12-Apr-30,6961
                                ,6,Cobden View Road,S10 1HQ,5,01-Aug-23,27-Apr-28,6225
                                ,72,Cobden View Road,S10 1HS,5,05-Sep-25,09-Jul-29,6636
                                ,74,Cobden View Road,S10 1HS,5,25-Jul-25,06-Jan-30,6580
                                ,88,Cobden View Road,S10 1HS,5,07-Jul-25,02-Jun-29,6554
                                ,126,Cobden View Road,S10 1HS,6,07-Jul-25,23-Sep-29,6529
                                ,130,Cobden View Road,S10 1HS,6,09-Apr-25,17-Nov-29,6487
                                ,150,Cobden View Road,S10 1HS,6,23-Feb-26,29-Apr-30,7011
                                ,151,Cobden View Road,S10 1HT,5,16-Oct-23,03-Aug-28,6260
                                ,188,Cobden View Road,S10 1HT,5,14-May-25,13-May-30,6839
                                ,27,Colister Drive,S9 4HG,7,12-Mar-24,16-Dec-28,6335
                                ,6,College Street,S10 2PH,5,01-Sep-25,14-Jan-30,6675
                                ,9,College Street,S10 2PH,6,21-Oct-25,18-Feb-30,6748
                                ,15,College Street,S10 2PH,6,02-Jun-25,01-Jun-30,6982
                                ,17,College Street,S10 2PH,6,15-Nov-22,02-May-27,6015
Flat 1                          ,43,Collegiate Crescent,S10 2BR,6,14-Feb-25,19-Feb-29,6474
                                ,45,Collegiate Crescent,S10 2BR,7,10-Nov-25,18-May-30,6797
                                ,10,Colver Road,S2 4UP,5,16-May-25,13-Nov-29,6509
                                ,22,Colver Road,S2 4UP,7,17-Mar-23,12-Dec-27,6153
                                ,19,Common Side,S10 1GA,6,12-Jul-21,15-May-26,5377
                                ,43,Common Side,S10 1GD,6,20-May-25,19-May-30,6673
                                ,81,Common Side,S10 1GF,7,05-Apr-23,04-Apr-28,6166
                                ,19a,Common Side,S10 1GA,6,12-Jul-21,15-May-26,5378
1 Steelbank Villas              ,,Common Side,S10 1GB,8,11-Sep-25,10-Sep-30,7119
4 Steelbank Villas              ,,Common Side,S10 1GB,6,06-Sep-23,18-Oct-27,6245
6 Steelbank Villas              ,,Common Side,S10 1GB,5,01-Jul-22,19-Dec-26,5848
                                ,33,Conduit Road,S10 1EW,6,21-Dec-22,20-Oct-27,6091
                                ,37,Conduit Road,S10 1EW,7,04-Nov-25,03-Jun-30,6810
                                ,41,Conduit Road,S10 1EW,12,12-Dec-25,05-Feb-29,6864
                                ,23a,Conduit Road,S10 1EW,5,15-May-24,28-Jan-29,6414
                                ,23,Coombe Road,S10 1FF,6,22-Dec-25,30-Apr-30,6882
                                ,57,Countess Road,S1 4TE,5,15-Jul-25,09-Jan-30,6541
                                ,43,Cowlishaw Road,S11 8XE,6,30-Aug-24,29-Aug-29,6893
                                ,45,Cowlishaw Road,S11 8XE,6,08-Aug-25,14-Sep-29,6621
                                ,63,Cowlishaw Road,S11 8XE,5,09-Mar-26,10-Jan-30,7052
                                ,75,Cowlishaw Road,S11 8XE,5,03-Mar-25,02-Mar-30,6807
                                ,85,Cowlishaw Road,S11 8XG,6,26-Aug-25,20-Dec-29,6601
                                ,118,Cowlishaw Road,S11 8XH,6,22-Nov-21,25-Apr-26,5549
                                ,84,Crookes,S10 1UG,5,25-Oct-21,29-Jun-26,5504
                                ,156,Crookes,S10 1UH,5,03-Jan-22,31-Oct-27,6086
                                ,240,Crookes,S10 1TH,6,05-Mar-24,10-Jan-29,6324
                                ,13,Crookes Road,S10 5BA,6,05-Sep-25,17-Sep-29,6632
                                ,25,Crookes Road,S10 5BA,5,16-Feb-26,04-Feb-30,7002
                                ,41,Crookes Road,S10 5BA,9,20-Oct-23,11-Sep-28,6266
                                ,47,Crookes Road,S10 5BA,8,29-Jan-26,05-Jun-30,6944
                                ,53,Crookes Road,S10 5BD,6,05-May-23,12-Dec-26,6178
                                ,61,Crookes Road,S10 5BD,5,23-Nov-23,11-Sep-28,6277
                                ,13a,Crookes Road,S10 5BA,0,05-Dec-25,17-Sep-29,6850
                                ,39a,Crookes Road,S10 5BA,6,12-Sep-23,11-Sep-28,6270
                                ,39b,Crookes Road,S10 5BA,6,10-Sep-23,11-Sep-28,6283
                                ,39c,Crookes Road,S10 5BA,6,18-Oct-23,11-Sep-28,6264
                                ,199,Crookes Valley Road,S10 1BA,6,01-Dec-21,03-Jun-26,5581
                                ,201,Crookes Valley Road,S10 1BA,5,13-May-21,03-Apr-26,5278
The Vestry                      ,80,Crookesmoor Road,S6 3FR,6,15-May-24,30-Jan-29,6412
The Vestry                      ,82,Crookesmoor Road,S6 3FR,8,05-Feb-24,04-Feb-29,6806
The Vestry                      ,84,Crookesmoor Road,S6 3FR,7,15-May-24,23-Jan-29,6413
House D The Vestry              ,86,Crookesmoor Road,S6 3FR,5,26-Mar-24,03-Aug-28,6354
House E The Vestry              ,88,Crookesmoor Road,S6 3FR,5,26-Mar-24,03-Aug-28,6356
                                ,118,Crookesmoor Road,S6 3FS,5,17-May-25,16-May-30,7104
                                ,122,Crookesmoor Road,S6 3FS,5,11-Dec-25,06-Jul-29,6858
                                ,136,Crookesmoor Road,S6 3FS,7,20-Apr-25,19-Apr-30,6700
                                ,138,Crookesmoor Road,S6 3FS,6,07-Oct-21,30-Jun-26,5491
                                ,144,Crookesmoor Road,S6 3FS,10,21-Apr-22,28-Mar-27,5740
                                ,158,Crookesmoor Road,S6 3FS,5,21-Jul-25,05-Jan-30,6572
                                ,196,Crookesmoor Road,S10 1BE,5,07-Dec-23,31-Oct-28,6288
                                ,200,Crookesmoor Road,S10 1BE,5,05-Nov-26,20-Jan-30,7118
                                ,220,Crookesmoor Road,S10 1BE,6,05-Apr-22,06-Sep-27,6167
                                ,221,Crookesmoor Road,S6 3FQ,6,08-Sep-25,14-Jan-30,6707
                                ,222,Crookesmoor Road,S10 1BE,6,17-Nov-22,13-Mar-27,6031
                                ,223,Crookesmoor Road,S6 3FQ,8,21-Jan-25,20-Jan-30,6872
                                ,224,Crookesmoor Road,S10 1BE,5,14-Feb-24,02-Dec-28,6320
                                ,225,Crookesmoor Road,S6 3FQ,7,19-Sep-25,31-Jan-30,6665
                                ,233,Crookesmoor Road,S6 3FQ,7,24-May-22,09-Aug-26,5775
                                ,236,Crookesmoor Road,S10 1BE,5,14-Apr-25,13-Apr-30,7064
                                ,240,Crookesmoor Road,S10 1BE,6,27-Aug-25,26-Aug-30,7096
                                ,244,Crookesmoor Road,S10 1BE,6,12-Dec-25,29-May-30,6867
                                ,250,Crookesmoor Road,S10 1BE,5,13-May-25,17-Sep-29,6496
                                ,253,Crookesmoor Road,S6 3FQ,6,24-Aug-22,22-May-27,5920
                                ,254,Crookesmoor Road,S10 1BE,5,27-Aug-25,06-Jan-30,6613
                                ,261,Crookesmoor Road,S6 3FQ,6,02-Sep-25,19-Jan-30,6678
                                ,263,Crookesmoor Road,S6 3FQ,6,05-Sep-25,07-Dec-29,6698
                                ,280,Crookesmoor Road,S10 1BE,6,05-Feb-26,30-Jul-30,6967
                                ,282,Crookesmoor Road,S10 1BE,5,24-Aug-22,09-Jan-27,5921
                                ,315,Crookesmoor Road,S10 1BD,8,02-Sep-25,21-Dec-29,6681
                                ,317,Crookesmoor Road,S10 1BD,8,08-Sep-25,19-Sep-29,6708
                                ,329,Crookesmoor Road,S10 1BD,6,07-Jul-25,15-Dec-29,6530
                                ,331,Crookesmoor Road,S10 1BD,6,05-Sep-25,18-Jan-30,6633
Flat 1                          ,341,Crookesmoor Road,S10 1BD,5,27-Aug-25,19-Dec-28,6608
Flat 3                          ,343,Crookesmoor Road,S10 1BD,5,08-Aug-25,04-Dec-29,6620
Flat B                          ,344,Crookesmoor Road,S10 1BH,5,10-Sep-25,09-Sep-30,7044
                                ,349,Crookesmoor Road,S10 1BD,7,26-Mar-26,02-Aug-30,7103
                                ,350,Crookesmoor Road,S10 1BH,9,24-Feb-22,02-May-26,5715
                                ,351,Crookesmoor Road,S10 1BD,8,04-Nov-25,29-Mar-30,6812
                                ,355,Crookesmoor Road,S10 1BD,8,05-Jul-22,02-Apr-27,5853
                                ,358,Crookesmoor Road,S10 1BH,7,13-Nov-25,12-Nov-30,7047
                                ,360,Crookesmoor Road,S10 1BH,7,05-Feb-26,07-Jun-30,6966
                                ,381,Crookesmoor Road,S10 1BD,7,07-May-22,06-May-27,6170
                                ,389,Crookesmoor Road,S10 1BD,6,04-Nov-22,07-Oct-27,6068
                                ,449,Crookesmoor Road,S10 1BD,10,06-Oct-25,05-Oct-30,7123
                                ,453,Crookesmoor Road,S10 1BD,7,06-Apr-25,05-Apr-30,7025
                                ,455,Crookesmoor Road,S10 1BD,7,06-Jan-26,28-Mar-30,6901
                                ,473,Crookesmoor Road,S10 1BG,6,27-Sep-22,24-Sep-26,5954
                                ,475,Crookesmoor Road,S10 1BG,6,24-Sep-24,23-Sep-29,6865
                                ,477,Crookesmoor Road,S10 1BG,6,28-Aug-25,07-Mar-30,6844
                                ,479,Crookesmoor Road,S10 1BG,6,02-Sep-25,07-Mar-30,6627
                                ,521,Crookesmoor Road,S10 1BJ,10,02-Aug-21,27-Jun-26,5410
                                ,527,Crookesmoor Road,S10 1BJ,6,16-Oct-25,25-Jan-30,6750
                                ,529,Crookesmoor Road,S10 1BJ,6,09-Aug-22,01-Nov-26,5901
                                ,555,Crookesmoor Road,S10 1BJ,8,03-Feb-26,20-Jun-30,6956
                                ,557,Crookesmoor Road,S10 1BJ,7,29-Jul-22,02-Apr-27,5890
                                ,337a,Crookesmoor Road,S10 1BD,6,11-May-25,10-May-30,6989
                                ,383b,Crookesmoor Road,S10 1BD,7,19-Jul-22,14-Apr-27,5732
                                ,140,Cross Lane,S10 1WP,6,15-Nov-22,06-Aug-27,6014
                                ,9,Denham Road,S11 8NE,5,24-Feb-25,23-Feb-30,6753
                                ,10,Denham Road,S11 8NE,5,11-Feb-26,04-Mar-30,6985
                                ,11,Denham Road,S11 8NE,6,22-Nov-22,21-Dec-26,6056
                                ,12,Denham Road,S11 8NE,5,20-Aug-25,01-Dec-29,6588
                                ,13,Denham Road,S11 8NE,5,22-Nov-22,20-Dec-26,6047
                                ,17,Denham Road,S11 8NE,5,10-May-25,09-May-30,6940
                                ,18,Denham Road,S11 8NE,0,09-Jan-24,01-Oct-28,6290
                                ,19,Denham Road,S11 8NE,5,26-May-25,25-May-30,6930
                                ,20,Denham Road,S11 8NE,5,17-Feb-23,20-Nov-27,6122
                                ,22,Denham Road,S11 8NE,5,27-Aug-25,26-Aug-30,6800
                                ,24,Denham Road,S11 8NE,5,16-Dec-25,10-Mar-30,6871
                                ,32,Denham Road,S11 8NE,5,11-Sep-25,11-Jun-30,6722
                                ,37,Denham Road,S11 8NE,7,03-Nov-25,26-Jan-30,6758
                                ,44,Denham Road,S11 8NE,5,09-Oct-23,30-Oct-28,6252
Flat 4                          ,148,Devonshire Street,S3 7SF,6,29-Mar-24,01-Dec-28,6362
Flat 1                          ,148,Devonshire Street,S3 7SF,5,29-Mar-24,01-Dec-28,6371
Flat 2                          ,148,Devonshire Street,S3 7SF,6,27-Mar-24,01-Dec-28,6361
Flat 3                          ,148,Devonshire Street,S3 7SF,5,26-Mar-24,23-Dec-28,6357
                                ,10,Dover Road,S11 8RH,6,18-Sep-25,07-Dec-29,6730
                                ,40,Dover Road,S11 8RH,9,18-Feb-26,26-Jul-30,7008
                                ,42,Dover Road,S11 8RH,9,23-Feb-26,29-Apr-30,7010
                                ,61,Duchess Road,S2 4BL,5,22-Nov-22,15-Jul-27,6054
                                ,69,Duchess Road,S2 4BL,6,10-Aug-22,31-Aug-26,5902
                                ,77,Duchess Road,S2 4BL,5,07-Feb-23,07-Aug-27,6207
                                ,145,Duke Street,S2 5QL,14,25-May-22,31-Jul-26,5777
                                ,27,Dun Fields,S3 8AY,5,16-Feb-26,24-Sep-30,6997
                                ,26,Dun Street,S3 8SL,5,08-Sep-22,07-Sep-27,5941
                                ,28,Dun Street,S3 8SL,5,08-Sep-22,07-Sep-27,5942
                                ,30,Dun Street,S3 8SL,5,07-Sep-22,06-Sep-27,5931
                                ,32,Dun Street,S3 8SL,5,12-Aug-22,11-Aug-27,5910
                                ,34,Dun Street,S3 8SL,5,11-Aug-22,10-Aug-27,5907
                                ,222,Ecclesall Road,S11 8JD,9,16-Jan-26,08-Apr-30,6928
                                ,224,Ecclesall Road,S11 8JD,7,27-Aug-25,28-Dec-29,6615
                                ,232,Ecclesall Road,S11 8JD,7,12-Apr-22,21-Nov-26,5738
                                ,244,Ecclesall Road,S11 8JD,7,20-Dec-22,19-Dec-27,6104
                                ,400,Ecclesall Road,S11 8PJ,7,09-Jun-25,08-Jun-30,6777
                                ,404,Ecclesall Road,S11 8PJ,6,08-Feb-22,16-Nov-26,5683
                                ,408,Ecclesall Road,S11 8PJ,6,01-Aug-25,15-Dec-29,6597
                                ,442,Ecclesall Road,S11 8PX,6,04-Feb-26,05-May-30,6963
                                ,450,Ecclesall Road,S11 8PX,5,29-Jan-26,07-Jun-30,6942
Abbey House                     ,484,Ecclesall Road,S11 8PX,7,09-Feb-22,16-Aug-26,5685
                                ,486,Ecclesall Road,S11 8PX,8,28-Aug-23,05-Jul-28,6235
                                ,488,Ecclesall Road,S11 8PX,7,07-Nov-25,06-Nov-30,7126
                                ,534,Ecclesall Road,S11 8PY,6,04-Sep-25,20-Dec-29,6688
                                ,536,Ecclesall Road,S11 8PY,7,18-Apr-24,13-Mar-29,6397
                                ,705,Ecclesall Road,S11 8TG,6,18-Aug-25,01-Jan-30,6577
                                ,731,Ecclesall Road,S11 8TG,5,11-Mar-26,07-Jun-30,7055
                                ,739,Ecclesall Road,S11 8TG,5,12-Apr-25,11-Apr-30,7091
                                ,796,Ecclesall Road,S11 8TD,5,10-Jun-22,28-Feb-27,5829
                                ,907,Ecclesall Road,S11 8TL,6,12-Nov-25,12-Apr-30,6829
                                ,917,Ecclesall Road,S11 8TL,7,02-Feb-23,01-Feb-28,6101
                                ,925,Ecclesall Road,S11 8TL,6,24-Aug-23,23-Jul-28,6234
"Flats 1 To 14, The Old Bank     ",03-Jan,Ecclesall Road,S11 8HW,14,21-Jun-23,25-Jun-28,6199
                                ,288a,Ecclesall Road,S11 8PE,6,10-Feb-25,09-Feb-30,6854
                                ,294a,Ecclesall Road,S11 8PE,6,18-Jul-23,19-Jun-28,6216
                                ,309a,Ecclesall Road,S11 8NX,5,23-Dec-25,23-Feb-30,6888
                                ,311a,Ecclesall Road,S11 8NX,6,04-Nov-25,23-Feb-30,6813
                                ,323a,Ecclesall Road,S11 8NX,8,12-Nov-25,08-Dec-29,6853
                                ,533a,Ecclesall Road,S11 8PR,5,07-Sep-22,26-Nov-26,5940
                                ,544a,Ecclesall Road,S11 8QA,5,13-Feb-24,12-Feb-29,6453
                                ,149,Edmund Road,S2 4EG,6,14-Mar-24,27-Nov-28,6342
                                ,168,Edmund Road,S2 4EH,5,11-Mar-26,02-Jun-29,7019
                                ,182,Edmund Road,S2 4EH,5,22-Nov-22,16-Jun-27,6053
                                ,198,Edmund Road,S2 4EH,5,01-Jun-22,04-Feb-27,5803
                                ,210,Edmund Road,S2 4EH,5,08-Jun-23,03-Feb-28,6186
                                ,212,Edmund Road,S2 4EH,6,04-May-23,04-Oct-27,6177
                                ,216,Edmund Road,S2 4EH,5,14-Mar-23,21-Oct-27,6143
                                ,220,Edmund Road,S2 4EH,6,09-Jul-25,01-Sep-29,6562
                                ,225,Edmund Road,S2 4EL,5,17-Mar-23,17-Mar-28,6151
                                ,227,Edmund Road,S2 4EL,5,16-Mar-23,15-Mar-28,6145
                                ,229,Edmund Road,S2 4EL,5,17-Mar-23,16-Mar-28,6148
                                ,230,Edmund Road,S2 4EH,5,03-Oct-25,17-Sep-29,6718
                                ,234,Edmund Road,S2 4EH,5,15-Mar-25,14-Mar-30,7012
                                ,236,Edmund Road,S2 4EH,5,16-Mar-25,15-Mar-30,7014
Solly B                         ,59,Edward Street,S3 7BY,5,13-Sep-23,15-Jul-26,5381
Solly C                         ,59,Edward Street,S3 7BY,7,11-Sep-23,21-Jun-28,6250
Solly D                         ,59,Edward Street,S3 7BY,6,04-Oct-23,16-Jul-26,6251
Solly G                         ,59,Edward Street,S3 7BY,5,26-Sep-23,21-Jun-28,6249
                                ,6,Elgin Street,S10 1UQ,5,08-Sep-25,09-Dec-26,6704
                                ,17,Elgin Street,S10 1UQ,5,03-Feb-24,02-Feb-29,6457
                                ,36,Elgin Street,S10 1UQ,5,09-Jan-24,27-Oct-28,6292
                                ,4,Ellison Street,S3 7JF,5,15-May-24,27-Jan-29,6411
                                ,22,Elmore Road,S10 1BY,8,11-Jun-25,13-Dec-29,6514
                                ,33,Elmore Road,S10 1BY,6,16-Oct-25,19-Mar-30,6794
                                ,60,Endcliffe Rise Road,S11 8RU,8,21-Oct-25,09-Mar-30,6747
                                ,26,Endcliffe Terrace Road,S11 8RT,7,15-Sep-22,28-Jun-27,5951
                                ,13,Essex Road,S2 2RG,6,12-Dec-25,28-Jul-30,6866
                                ,32,Essex Road,S2 2RG,6,09-Oct-23,13-Jul-28,6254
                                ,25,Everton Road,S11 8RY,6,08-Sep-25,17-Dec-29,6709
                                ,88,Everton Road,S11 8RY,5,25-Jul-25,04-Feb-29,6578
                                ,61,Fairleigh,S2 1LB,6,03-Jun-25,27-Jan-30,6522
                                ,61b,Fairleigh,S2 1LB,6,15-Apr-25,01-Dec-29,6493
                                ,38a,Fawcett Street,S3 7PN,6,12-Mar-26,16-Mar-30,7057
                                ,3,Fentonville Street,S11 8BA,6,26-May-22,15-Nov-26,5794
                                ,29,Fentonville Street,S11 8BA,6,13-Sep-24,12-Sep-29,6905
                                ,31,Fentonville Street,S11 8BA,6,11-Nov-22,04-Oct-26,6003
                                ,4,Filey Street,S10 2FF,5,07-Jul-25,21-Jul-29,6556
                                ,5,Filey Street,S10 2FF,5,18-Mar-26,12-May-30,7078
                                ,6,Filey Street,S10 2FF,5,02-Sep-25,14-Dec-29,6622
                                ,8,Filey Street,S10 2FF,5,03-Feb-26,06-Feb-30,6960
                                ,10,Filey Street,S10 2FF,5,02-Sep-25,07-Jan-30,6623
                                ,13,Filey Street,S10 2FF,6,27-Aug-25,03-Sep-29,6611
                                ,16,Filey Street,S10 2FF,5,29-Apr-25,28-Apr-30,7100
                                ,18,Filey Street,S10 2FF,6,26-Sep-25,03-Mar-30,6680
                                ,22,Filey Street,S10 2FF,0,26-Jan-25,25-Jan-30,6776
                                ,24,Filey Street,S10 2FG,8,03-Nov-22,02-Nov-27,5987
                                ,35,Filey Street,S10 2FG,6,08-Jul-22,10-Apr-27,5862
                                ,37,Filey Street,S10 2FG,6,08-Jul-22,14-Apr-27,5892
                                ,46,Filey Street,S10 2FG,5,03-Nov-25,06-Jan-30,6756
                                ,3d,Fitzwilliam Street,S1 4JP,5,14-Jun-23,10-Mar-28,6190
                                ,,Floor 3 1-3 King Street,S3 8LF,15,11-Aug-22,11-Aug-27,5906
                                ,,Floor 4 1-3 King Street,S3 8LF,15,11-Aug-22,11-Aug-27,5905
                                ,,Floor 5 1-3 King Street,S3 8LF,17,10-Aug-22,10-Aug-27,5904
                                ,77,Forres Road,S10 1WD,5,26-May-22,25-May-27,5789
                                ,25,Foxwood Avenue,S12 2FH,6,13-Jul-23,12-Jul-28,6212
                                ,315,Fulwood Road,S10 3BJ,6,27-Oct-25,26-Oct-30,7117
                                ,229-231,Fulwood Road,S10 3BA,6,06-Jan-26,08-Mar-30,6898
                                ,257a,Fulwood Road,S10 3BD,6,15-Jul-25,26-Jan-30,6543
Steel City                      ,60,Garden Street,S1 4BJ,7,09-Sep-22,05-Oct-26,5948
                                ,82,Gell Street,S3 7QW,5,02-Sep-25,07-Jan-30,6624
                                ,94,Gell Street,S3 7QW,6,29-Mar-24,13-Dec-28,6368
                                ,230,Gleadless Road,S2 3AF,5,15-Nov-22,23-Jul-27,6009
                                ,80,Glenalmond Road,S11 7GX,7,26-Mar-26,18-May-30,7101
                                ,59,Glencoe Road,S2 2SQ,6,21-Apr-22,20-Apr-27,5741
                                ,63,Glencoe Road,S2 2SQ,6,30-Sep-25,10-Jan-30,6710
                                ,69,Glencoe Road,S2 2SQ,7,01-Aug-22,14-Aug-26,5894
                                ,259,Glossop Road,S10 2GZ,5,16-May-25,30-May-29,6510
                                ,423,Glossop Road,S10 2PR,6,08-Sep-21,17-Jun-26,5463
                                ,435,Glossop Road,S10 2PR,7,24-Oct-25,23-Oct-30,7124
                                ,437,Glossop Road,S10 2PR,6,22-Aug-22,16-Apr-27,5911
                                ,447,Glossop Road,S10 2PR,7,15-Nov-22,23-Feb-27,6013
                                ,451,Glossop Road,S10 2PT,6,01-Jul-22,15-Apr-27,5847
Flat 3                          ,498,Glossop Road,S10 2QA,7,03-Aug-22,27-Jul-26,5897
Flat 2                          ,498,Glossop Road,S10 2QA,7,05-Aug-22,27-Jul-26,5899
Flat 1                          ,498,Glossop Road,S10 2QA,5,04-Apr-24,20-Nov-28,6301
Flat 4                          ,255-259,Glossop Road,S10 2GZ,5,05-Sep-25,04-Nov-29,6699
                                ,355a,Glossop Road,S10 2HP,6,13-Oct-25,12-Oct-30,7122
                                ,497a,Glossop Road,S10 2QE,5,13-Mar-24,11-Dec-28,6341
                                ,47,Gower Street,S4 7JW,10,01-Jul-25,13-Mar-29,6548
                                ,16,Grange Crescent Road,S11 8FX,7,20-Jun-25,10-Dec-29,6518
                                ,257,Granville Road,S2 2RP,6,07-Sep-22,28-Jun-26,5938
                                ,277,Granville Road,S2 2RP,7,08-Sep-21,02-Apr-26,5476
                                ,284,Granville Road,S2 2RT,7,22-Jun-25,21-Jun-30,6986
                                ,322,Granville Road,S2 2RT,5,01-Jul-25,12-Jun-29,6547
Earl Marshall Guest House       ,949,Grimesthorpe Road,S4 8ES,25,19-Sep-25,30-May-29,6663
                                ,91,Hadfield Street,S6 3RS,5,07-Feb-23,07-Nov-27,6107
                                ,77,Halifax Road,S6 1LA,7,17-May-22,21-Nov-26,5759
                                ,89,Halifax Road,S6 1LA,5,06-Mar-23,05-Mar-28,6220
                                ,3,Hanover Square,S3 7UA,7,26-Jul-22,07-Nov-27,6217
                                ,9,Hanover Square,S3 7UA,6,02-Feb-26,21-Jul-30,4842
                                ,10,Hanover Square,S3 7UA,7,27-Mar-24,06-Jan-29,6363
                                ,15,Hanover Square,S3 7UA,6,05-May-21,04-May-26,5714
"Flat 1, St Silas Apartments     ",,Hanover Street,S3 7WT,7,10-Oct-25,04-Aug-29,6733
"Flat 2, St Silas Apartments     ",,Hanover Street,S3 7WT,7,10-Oct-25,25-Jun-29,6734
"Flat 3, St Silas Apartments     ",,Hanover Street,S3 7WT,10,10-Oct-25,04-Aug-29,6735
"Flat 4, St Silas Apartments     ",,Hanover Street,S3 7WT,8,10-Oct-25,04-Aug-29,6737
William Temple Vicarage         ,195,Harborough Avenue,S2 1QT,8,09-Jan-24,02-Dec-28,6291
                                ,2,Harcourt Crescent,S10 1DG,6,24-Feb-26,21-Dec-30,7022
                                ,9,Harcourt Crescent,S10 1DG,6,17-Feb-25,05-Feb-29,6475
                                ,10,Harcourt Road,S10 1DJ,7,28-Aug-25,19-Jan-30,6660
                                ,12,Harcourt Road,S10 1DJ,6,22-Jul-22,17-Aug-26,5880
                                ,17,Harcourt Road,S10 1DH,9,07-Nov-23,06-Nov-28,6353
                                ,21,Harcourt Road,S10 1DH,7,19-Jan-26,01-Mar-30,6935
                                ,23,Harcourt Road,S10 1DH,8,11-Jun-25,10-Jun-30,6835
                                ,33,Harcourt Road,S10 1DH,6,24-Nov-21,27-Aug-26,5561
                                ,41,Harcourt Road,S10 1DH,6,21-Oct-25,18-May-30,6744
                                ,45,Harcourt Road,S10 1DH,6,10-Oct-25,20-Nov-29,6775
                                ,47,Harcourt Road,S10 1DH,6,12-May-21,11-Apr-26,5274
                                ,49,Harcourt Road,S10 1DH,6,25-Feb-21,10-Apr-26,5072
                                ,53,Harcourt Road,S10 1DH,6,23-Dec-25,15-Jul-30,6886
                                ,59,Harcourt Road,S10 1DH,7,31-May-22,27-Sep-26,5808
                                ,61,Harcourt Road,S10 1DH,7,20-Sep-25,19-Sep-30,7098
                                ,64,Harcourt Road,S10 1DJ,6,08-Aug-25,07-Dec-29,6618
                                ,71,Harcourt Road,S10 1DH,7,12-May-21,07-Apr-26,5270
                                ,76,Harcourt Road,S10 1DJ,8,20-Nov-25,14-Jun-30,7125
                                ,78,Harcourt Road,S10 1DJ,8,14-Oct-25,12-Nov-28,6787
                                ,82,Harcourt Road,S10 1DJ,8,05-Jan-26,15-Mar-30,6896
                                ,84,Harcourt Road,S10 1DJ,8,05-Sep-25,19-May-30,6634
                                ,86,Harcourt Road,S10 1DJ,8,17-Oct-24,16-Oct-29,6842
                                ,88,Harcourt Road,S10 1DJ,7,21-Nov-22,20-May-27,6043
                                ,90,Harcourt Road,S10 1DJ,8,06-Jun-25,05-Jun-30,7026
                                ,94,Harcourt Road,S10 1DJ,8,18-Mar-25,17-Mar-30,6773
                                ,104,Harcourt Road,S10 1DJ,8,17-May-22,16-May-27,5756
                                ,106,Harcourt Road,S10 1DJ,7,09-Nov-22,26-Jan-27,5993
                                ,108,Harcourt Road,S10 1DJ,8,09-Sep-25,08-Dec-29,6717
                                ,111,Harcourt Road,S10 1DH,7,05-Jan-26,15-Mar-30,6897
                                ,122,Harcourt Road,S10 1DJ,9,09-May-23,30-Apr-27,6171
                                ,130,Harcourt Road,S10 1DJ,9,10-Nov-22,13-Dec-26,5997
                                ,7,Harefield Road,S11 8NU,5,16-Jan-26,28-Apr-30,6929
                                ,9,Harefield Road,S11 8NU,5,11-Feb-26,25-Nov-29,6980
                                ,16,Harefield Road,S11 8NU,5,24-Jan-24,11-Nov-28,6304
                                ,17,Harefield Road,S11 8NU,5,18-May-22,19-Mar-27,5766
                                ,20,Harefield Road,S11 8NU,6,13-May-25,16-Sep-29,6492
                                ,22,Harefield Road,S11 8NU,5,16-Jun-25,15-Jun-30,7116
                                ,24,Harefield Road,S11 8NU,5,22-Nov-22,02-Sep-27,6055
                                ,42,Harefield Road,S11 8NU,6,13-May-25,17-Dec-29,6491
                                ,43,Harefield Road,S11 8NU,5,31-Aug-23,05-Dec-27,6241
Harefield House Upper           ,45,Harefield Road,S11 8NU,9,07-Dec-23,12-Sep-28,6287
Harefield House Lower           ,45,Harefield Road,S11 8NU,7,07-Dec-23,12-Sep-28,6286
                                ,48,Harefield Road,S11 8NU,5,12-Aug-25,11-Aug-30,6862
                                ,18,Harland Road,S11 8NB,6,09-Jul-25,21-Dec-29,6563
                                ,20,Harland Road,S11 8NB,5,06-Jan-26,12-Feb-30,6903
                                ,24,Harland Road,S11 8NB,5,01-Aug-25,21-Apr-30,6599
                                ,26,Harland Road,S11 8NB,5,18-Dec-25,23-Feb-30,6878
                                ,32,Harland Road,S11 8NB,7,06-Oct-22,27-Apr-26,5968
                                ,34,Harland Road,S11 8NB,5,18-Dec-25,19-Jan-30,6879
                                ,36,Harland Road,S11 8NB,5,21-Aug-25,20-Aug-30,6778
                                ,44,Harland Road,S11 8NB,6,13-May-25,12-May-30,6993
                                ,3,Havelock Street,S10 2FP,6,28-Aug-25,14-Jan-30,6877
                                ,5,Havelock Street,S10 2FP,6,04-Sep-25,07-Jan-30,6690
                                ,22,Havelock Street,S10 2FP,7,19-Jan-25,18-Jan-30,6696
                                ,30,Havelock Street,S10 2FP,6,18-Jul-23,03-Jun-26,6214
                                ,36,Havelock Street,S10 2FP,5,11-Jul-25,13-Dec-29,6538
                                ,2,Hawthorn Road,S6 4LG,5,24-Oct-23,14-Aug-28,6262
                                ,97,Heavygate Road,S10 1PE,5,22-Sep-25,28-Jul-30,6736
                                ,207,Heavygate Road,S10 1PH,5,21-Nov-22,16-May-27,6046
                                ,420,Heavygate Road,S10 1QE,8,08-Jan-24,31-Aug-28,6289
                                ,414-418,Heavygate Road,S10 1QE,13,13-Mar-24,09-Nov-28,6340
                                ,215,Hemsworth Road,S8 8LP,5,03-Jun-25,03-Dec-29,6521
                                ,122,Henry Street,S3 7LU,5,16-Sep-25,15-Sep-30,7094
                                ,124,Henry Street,S3 7LU,5,31-Jan-22,01-Jan-27,5656
                                ,126,Henry Street,S3 7LU,5,12-Jul-22,06-Apr-27,5866
                                ,128,Henry Street,S3 7LU,5,16-Nov-22,31-Dec-27,6024
                                ,352,Herries Road,S5 7HD,6,29-Mar-24,06-Nov-28,6372
                                ,158,High Street,S20 5AJ,9,11-Dec-23,10-Dec-28,6330
"Flat 2, Wesley House            ",28,Highfield Place,S2 4UR,8,08-Mar-24,28-Nov-28,6334
                                ,30,Highfield Place,S2 4UR,7,24-Mar-26,08-Mar-30,7089
"Flat 1, Wesley House            ",,Highfield Place,S2 4UR,9,01-Aug-25,04-Feb-29,6594
"Flat 3, Wesley House            ",,Highfield Place,S2 4UR,6,01-Aug-25,05-Feb-29,6595
                                ,4,Highnam Crescent Road,S10 1BZ,9,09-Aug-25,08-Aug-30,7086
                                ,10,Holberry Close,S10 2FQ,7,04-Nov-25,28-Feb-30,6809
                                ,11,Holberry Close,S10 2FQ,11,09-Mar-26,23-Oct-30,7049
                                ,12,Holberry Close,S10 2FQ,7,02-Sep-25,19-May-30,6629
                                ,13,Holberry Close,S10 2FQ,7,12-Jul-23,09-May-28,6208
                                ,19,Holberry Close,S10 2FQ,6,02-Mar-22,14-Aug-26,5716
                                ,21,Holberry Close,S10 2FQ,7,12-Jul-23,09-May-28,6209
                                ,36,Holberry Gardens,S10 2FR,5,12-Mar-26,14-Apr-30,7058
                                ,55,Holberry Gardens,S10 2FR,8,26-Aug-25,25-Oct-29,6600
                                ,81,Holberry Gardens,S10 2FR,7,26-Sep-25,19-Apr-30,6682
                                ,13,Holland Place,S2 4US,6,10-Oct-23,23-Aug-28,6255
                                ,30,Hollis Croft,S1 4BA,5,03-Jan-24,31-Aug-28,6294
                                ,7,Hoole Lane,S10 5ED,6,11-Jun-25,06-Jan-30,6511
                                ,5,Hoole Road,S10 5BH,6,28-Aug-25,13-May-30,6617
                                ,6,Hoole Road,S10 5BH,5,08-Sep-25,03-Jan-30,6639
                                ,7,Hoole Road,S10 5BH,8,01-Jul-25,16-Sep-29,6552
                                ,9,Hoole Road,S10 5BH,6,21-Jun-25,20-Jun-30,6987
                                ,14,Hoole Road,S10 5BH,5,15-Apr-25,12-Feb-29,6498
                                ,17,Hoole Road,S10 5BH,6,08-Jul-25,02-Jan-30,6535
                                ,20,Hoole Road,S10 5BH,5,02-Feb-26,02-Feb-30,6948
                                ,22,Hoole Road,S10 5BH,5,24-Feb-26,22-Nov-30,7021
                                ,23,Hoole Road,S10 5BH,6,02-Sep-25,24-Nov-29,6630
                                ,24,Hoole Road,S10 5BH,5,17-Dec-23,16-Dec-28,6365
                                ,33,Hoole Road,S10 5BH,9,16-Aug-25,15-Aug-30,7088
                                ,139,Howard Road,S6 3RU,5,09-Sep-24,08-Sep-29,6468
Cromwell Mews                   ,184,Howard Road,S6 3RX,8,23-Jul-25,09-Jun-30,6553
                                ,51,Hunter House Road,S11 8TU,5,15-Jun-22,14-Jun-27,5833
                                ,114,Hunter House Road,S11 8TY,5,27-May-22,10-Mar-27,5793
                                ,115,Hunter House Road,S11 8TX,5,05-Apr-22,30-Nov-26,5730
                                ,38a,Infirmary Road,S6 3DD,5,06-Jan-25,06-Feb-29,6471
                                ,40a,Infirmary Road,S6 3DD,8,14-Jan-25,07-Feb-29,6473
                                ,1,Ivy Grove,S10 1EL,5,15-Jul-25,09-Sep-29,6545
                                ,49,Junction Road,S11 8XA,6,11-Jun-25,10-Jun-30,7095
                                ,51,Junction Road,S11 8XA,7,07-Jul-22,23-Jun-26,5858
                                ,59,Junction Road,S11 8XA,7,05-May-21,14-Apr-26,5245
                                ,61,Junction Road,S11 8XA,5,24-Aug-21,03-Jul-26,5444
                                ,8,Kaye Place,S10 1DY,6,17-Sep-25,22-Sep-26,6657
                                ,7,Kearsley Road,S2 4TE,5,17-Mar-23,16-Mar-28,6152
                                ,15,Kearsley Road,S2 4TE,6,30-Aug-23,28-Jun-28,6236
                                ,25,Kearsley Road,S2 4TE,6,09-Mar-23,12-Dec-27,6136
                                ,27,Kearsley Road,S2 4TE,5,05-Mar-25,11-Feb-29,6478
                                ,38,Kearsley Road,S2 4TE,6,03-Nov-23,01-Oct-28,6269
                                ,39,Kearsley Road,S2 4TE,7,17-Mar-23,16-Mar-28,6147
                                ,41,Kearsley Road,S2 4TE,6,06-Mar-23,12-Dec-27,6135
                                ,33,Kenwood Park Road,S7 1NE,14,22-Dec-25,19-Jan-30,6883
                                ,1,Khartoum Road,S11 8RD,7,16-Jun-25,15-Jun-30,7108
                                ,8,Khartoum Road,S11 8RD,6,15-Oct-25,08-Mar-30,6791
                                ,10,Khartoum Road,S11 8RD,5,15-Jun-25,14-Jun-30,7065
                                ,16,Khartoum Road,S11 8RD,6,02-Nov-23,27-Jun-28,6267
                                ,20,Khartoum Road,S11 8RD,5,09-Mar-26,05-Feb-30,7051
                                ,21,Khartoum Road,S11 8RD,5,03-Apr-24,13-Jan-29,6369
                                ,22,Khartoum Road,S11 8RD,5,17-May-25,16-May-30,6947
                                ,25,Khartoum Road,S11 8RD,5,24-Mar-23,23-Mar-28,6159
Floor 2                         ,03-Jan,King Street,S3 8LF,12,11-Aug-22,11-Aug-27,5908
                                ,157,Lancing Road,S2 4ET,5,22-Feb-24,21-Feb-29,6452
                                ,32,Langdon Street,S11 8BJ,5,23-Aug-22,07-Aug-27,5918
                                ,34,Langdon Street,S11 8BJ,5,28-Oct-22,23-Jul-27,5983
                                ,39,Langdon Street,S11 8BH,5,13-Dec-21,05-Jul-26,5598
                                ,94,Langdon Street,S11 8BJ,5,05-Sep-25,17-Sep-29,6638
                                ,2,Langsett Avenue,S6 4AA,4,10-Jun-22,17-Oct-26,5831
                                ,18b,Lawson Road,S10 5BW,5,25-Jan-24,15-Oct-28,6308
                                ,56,Leamington Street,S10 1LW,5,09-Jul-25,02-Jun-29,6560
Flat above                      ,169,London Road,S2 4LH,9,14-Nov-22,31-Jul-27,6004
                                ,412,London Road,S2 4ND,5,06-Jun-23,01-Feb-28,6183
                                ,144a,London Road,S2 4LT,7,19-May-25,18-May-30,6923
                                ,154a,London Road,S2 4LT,5,21-Mar-24,06-Jan-29,6350
Victoria Building               ,227a,London Road,S2 4NF,23,09-May-23,26-Jan-28,6179
                                ,42-46,London Road,S2 4LR,13,12-Dec-24,11-Dec-29,6833
                                ,71-75,London Road,S2 4LE,8,17-Jun-22,28-Nov-26,5842
                                ,425,Longley Hall Road,S5 7EH,5,01-Jul-25,26-Nov-29,6551
                                ,34,Lydgate Lane,S10 5FH,5,15-Sep-25,14-Sep-30,7120
                                ,260,Lydgate Lane,S10 5FT,6,18-Jun-25,17-Jun-30,6752
                                ,22,Lyons Street,S4 7QS,6,15-Nov-22,16-Aug-27,6012
                                ,62,Machon Bank,S7 1GP,7,04-Nov-25,09-Dec-29,6814
                                ,113,Machon Bank,S7 1GQ,6,11-Jun-25,09-Jan-30,6515
                                ,219,Malton Street,S4 7ED,7,23-Nov-22,11-Oct-27,6061
                                ,55,Manchester Road,S10 5DH,8,08-Nov-22,24-Aug-26,5992
                                ,162,Manor Lane,S2 1UH,7,21-Jun-23,24-Mar-28,6200
                                ,22,Margaret Street,S1 4SX,6,16-Mar-25,15-Mar-30,6772
                                ,56,Margaret Street,S1 4SX,5,24-Nov-25,02-Jun-29,6550
                                ,6,Marlborough Road,S10 1DB,7,30-May-22,22-Jan-27,5797
                                ,29,Marlborough Road,S10 1DA,6,16-Dec-24,15-Dec-29,6765
                                ,49,Marlborough Road,S10 1DA,6,07-Feb-22,15-Dec-26,5673
                                ,52,Marlborough Road,S10 1DB,6,09-Nov-22,29-Aug-26,5994
                                ,53,Marlborough Road,S10 1DA,6,03-Feb-26,07-Jun-30,6958
                                ,54,Marlborough Road,S10 1DB,7,11-Nov-25,26-Jan-30,6824
                                ,55,Marlborough Road,S10 1DA,6,17-Nov-22,06-Apr-27,6029
                                ,58,Marlborough Road,S10 1DB,6,07-Oct-25,16-Dec-29,6723
                                ,69,Marlborough Road,S10 1DA,6,02-Sep-25,06-Jan-30,6685
                                ,17,Marlcliffe Road,S6 4AF,8,22-Jun-23,06-Feb-28,6198
                                ,181,Marmion Road,S11 8TS,5,27-Jul-22,08-May-27,5874
Apartment 11                    ,100,Matilda Street,S1 4QF,6,14-Feb-23,08-Jun-27,6113
"Flat 53-58, Truro Works         ",135,Matilda Street,S1 4QG,6,09-Dec-22,08-Dec-27,6076
"Flat 77-82, Truro Works         ",135,Matilda Street,S1 4QG,6,09-Dec-22,08-Dec-27,6075
"Flat 91-96, Truro Works         ",135,Matilda Street,S1 4QG,5,23-Nov-22,10-Sep-27,6060
"Flat 120-124, Truro Works       ",135,Matilda Street,S1 4QG,5,23-Nov-22,10-Sep-27,6064
"Flat 115 - 119, Truro Works     ",135,Matilda Street,S1 4QG,5,20-May-22,15-Jan-27,5773
"Flat 110 -114, Truro Works      ",135,Matilda Street,S1 4QG,5,25-May-22,08-Jan-27,5787
"Flat 34-38, Truro Works         ",135,Matilda Street,S1 4QG,5,26-May-22,25-Jan-27,5791
"Flat 65-70, Truro Works         ",135,Matilda Street,S1 4QG,6,25-May-22,25-Jan-27,5785
"Flat 71-76, Truro Works         ",135,Matilda Street,S1 4QG,6,24-May-22,25-Jan-27,5782
"Flat 44-48, Truro Works         ",135,Matilda Street,S1 4QG,5,08-Dec-22,07-Dec-27,6074
"Flat 26-30, Truro Works         ",135,Matilda Street,S1 4QG,5,08-Dec-22,07-Dec-27,6073
Apartment 9                     ,100a,Matilda Street,S1 4QF,6,22-Feb-23,08-Jul-27,6125
Apartment 2                     ,100a,Matilda Street,S1 4QF,7,09-Jul-25,31-Jul-29,6559
Apartment 3                     ,100a,Matilda Street,S1 4QF,6,21-Jul-25,22-Jul-29,6574
Apartment 5                     ,100a,Matilda Street,S1 4QF,5,08-Jul-22,07-Jul-27,6126
                                ,12,Melbourn Road,S10 1NS,5,03-Nov-25,03-Feb-30,6759
                                ,21,Melbourn Road,S10 1NR,6,28-Apr-25,27-Apr-30,6988
                                ,32,Melbourn Road,S10 1NS,5,01-Jun-22,31-May-27,5801
                                ,4a,Middlewood Road,S6 4GY,6,16-Mar-23,09-Nov-27,6149
                                ,40,Midfield Road,S10 1SU,6,26-Aug-25,07-Jan-30,6603
                                ,31,Midland Street,S1 4SZ,5,06-Feb-24,03-Jan-29,6310
                                ,11,Minna Road,S3 9AZ,10,17-Jul-22,16-Jul-27,5982
                                ,5,Mona Road,S10 1NF,5,11-Jul-25,12-Jun-29,6568
                                ,2,Moor End Road,S10 1ND,5,22-Feb-25,21-Feb-30,6860
                                ,4,Moor End Road,S10 1ND,5,14-Oct-25,10-Feb-30,6785
                                ,5,Moor End Road,S10 1ND,5,26-May-25,25-May-30,7073
                                ,12,Moor End Road,S10 1ND,6,07-Feb-22,30-Nov-26,5675
                                ,2,Moor Oaks Road,S10 1BX,8,02-Sep-25,14-Dec-29,6625
                                ,12,Moor Oaks Road,S10 1BX,7,01-Apr-24,25-Jan-29,6376
                                ,21,Moor Oaks Road,S10 1BX,8,20-May-25,19-May-30,6694
                                ,29,Moor Oaks Road,S10 1BX,7,30-Oct-25,14-Dec-29,6804
                                ,33,Moor Oaks Road,S10 1BX,7,10-Feb-26,13-May-30,6975
                                ,8,Moorgate Avenue,S10 1EQ,7,28-Aug-25,28-May-29,6614
                                ,10,Moorgate Avenue,S10 1EQ,7,24-Nov-21,15-Aug-26,5560
                                ,12,Moorgate Avenue,S10 1EQ,6,10-Nov-22,26-Jan-27,5998
                                ,14,Moorgate Avenue,S10 1EQ,6,02-Dec-22,25-Sep-26,6072
                                ,22,Moorgate Avenue,S10 1EQ,5,22-Feb-25,21-Feb-30,6972
                                ,24,Moorgate Avenue,S10 1EQ,7,20-Oct-25,19-Oct-30,7061
                                ,3,Mowbray Street,S3 8EN,12,17-Nov-22,12-May-27,6027
                                ,5,Mowbray Street,S3 8EN,10,16-Nov-22,23-May-27,6019
                                ,7,Mowbray Street,S3 8EN,10,02-Nov-22,01-Jul-27,5985
                                ,11a,Mowbray Street,S3 8EN,5,19-Dec-22,05-Sep-27,6080
                                ,86,Mulehouse Road,S10 1TB,5,25-Sep-24,24-Sep-29,6689
                                ,5,Neill Road,S11 8QG,5,13-May-25,03-Sep-29,6494
                                ,7,Neill Road,S11 8QG,5,13-May-25,03-Sep-29,6495
                                ,10,Neill Road,S11 8QG,5,06-Sep-22,01-Jul-27,5934
                                ,12,Neill Road,S11 8QG,5,06-Sep-22,01-Jul-27,5935
                                ,22,Neill Road,S11 8QG,5,28-Aug-25,05-Jan-30,6658
                                ,26,Neill Road,S11 8QG,5,02-Jun-22,01-Mar-27,5819
                                ,42,Neill Road,S11 8QG,6,09-Jul-25,08-Dec-29,6513
                                ,44,Neill Road,S11 8QG,5,05-Jul-22,13-Mar-27,5855
                                ,52,Neill Road,S11 8QH,5,12-Sep-22,01-Aug-27,5949
                                ,143,Neill Road,S11 8QJ,5,04-Sep-25,27-Feb-30,6693
"Flat G, Hudson House            ",9,Newbould Lane,S10 2PJ,6,24-Apr-24,23-Apr-29,6838
"Flat H, Hudson House            ",9,Newbould Lane,S10 2PJ,6,25-Jul-25,23-Apr-29,6579
                                ,16,Newbould Lane,S10 2PL,9,07-Feb-24,26-Oct-28,6312
                                ,28,Newbould Lane,S10 2PL,7,16-Oct-25,15-Jul-30,6795
                                ,127,Newbould Lane,S10 2PL,5,11-Sep-25,08-Dec-29,6641
                                ,16a,Newbould Lane,S10 2PL,5,12-Jan-24,01-Nov-28,6297
                                ,18a,Newbould Lane,S10 2PL,6,12-Jan-24,19-Nov-28,6298
                                ,18b,Newbould Lane,S10 2PL,5,12-Jan-24,14-Nov-28,6299
                                ,11,Newington Road,S11 8RZ,5,08-Jul-25,13-Mar-29,6394
                                ,335,Newman Road,S9 1LW,5,14-Jul-25,13-Jul-30,6894
85 Norfolk Park Village         ,200,Norfolk Park Road,S2 2UF,5,23-Sep-24,11-Feb-29,6459
71 Norfolk Park Student Villag  ,200,Norfolk Park Road,S2 3QE,6,20-May-24,25-Jan-29,6421
73 Norfolk Park Student Village ,200,Norfolk Park Road,S2 3QE,6,22-May-24,25-Jan-29,6428
81 Norfolk Park Student Villag  ,200,Norfolk Park Road,S2 3QE,8,08-Nov-21,15-Apr-26,5533
9 Norfolk Park Student Village  ,200,Norfolk Park Road,S2 3QE,6,10-May-23,15-Jun-26,6181
95 Norfolk Park Student Villag  ,200,Norfolk Park Road,S2 3QE,6,09-Nov-21,05-May-26,5537
96 Norfolk Park Student Villag  ,200,Norfolk Park Road,S2 3QE,6,09-Nov-21,31-Aug-26,5538
20 Norfolk Park Village         ,200,Norfolk Park Road,S2 2UA,6,20-Oct-25,10-Jun-30,6740
1 Norfolk Park Village          ,200,Norfolk Park Road,S2 2UA,5,08-Oct-25,12-May-30,6729
91 Norfolk Park Village         ,200,Norfolk Park Road,S2 2UF,5,11-Sep-25,10-Nov-29,6643
66 Norfolk Park Village         ,200,Norfolk Park Road,S2 2UA,6,08-Oct-25,11-Jun-30,6726
36 Norfolk Park Village         ,200,Norfolk Park Road,S2 2UA,5,31-Jan-24,30-Jan-29,6445
72 Norfolk Park Village         ,200,Norfolk Park Road,S2 2UA,5,31-Jan-24,30-Jan-29,6436
37 Norfolk Park Village         ,200,Norfolk Park Road,S2 2UA,6,31-Jan-24,30-Jan-29,6427
34 Norfolk Park Village         ,200,Norfolk Park Road,S2 2UA,6,31-Jan-24,30-Jan-29,6432
35 Norfolk Park Village         ,200,Norfolk Park Road,S2 2UA,6,22-May-24,31-Jan-29,6426
52 Norfolk Park Village         ,200,Norfolk Park Road,S2 2UA,6,31-Jan-24,30-Jan-29,6447
45 Norfolk Park Village         ,200,Norfolk Park Road,S2 2UA,6,31-Jan-24,30-Jan-29,6434
51 Norfolk Park Village         ,200,Norfolk Park Road,S2 2UA,6,31-Jan-24,30-Jan-29,6437
31 Norfolk Park Village         ,200,Norfolk Park Road,S2 2UA,6,31-Jan-24,30-Jan-29,6431
3 Norfolk Park Village          ,200,Norfolk Park Road,S2 2UA,6,28-Aug-25,12-May-30,6616
6 Norfolk Park Village          ,200,Norfolk Park Road,S2 2UA,6,11-Jun-24,17-Apr-29,6439
29 Norfolk Park Village         ,200,Norfolk Park Road,S2 2UA,6,03-Oct-25,10-Jun-30,6720
49 Norfolk Park Village         ,200,Norfolk Park Road,S2 2UA,6,31-Jan-24,30-Jan-29,6429
56 Norfolk Park Village         ,200,Norfolk Park Road,S2 2UA,6,12-Jun-24,11-Jun-29,6441
65 Norfolk Park Village         ,200,Norfolk Park Road,S2 2UA,6,31-Jan-24,30-Jan-29,6446
24 Norfolk Park Village         ,200,Norfolk Park Road,S2 2UA,5,01-Aug-25,14-Apr-30,6596
60 Norfolk Park Village         ,200,Norfolk Park Road,S2 2UA,5,03-Feb-26,15-Dec-30,6957
76 Norfolk Park Village         ,200,Norfolk Park Road,S2 2UA,5,02-Oct-25,11-Jun-30,6749
4 Norfolk Park Village          ,200,Norfolk Park Road,S2 2UA,6,26-Feb-26,24-Nov-30,7024
16 Norfolk Park Village         ,200,Norfolk Park Road,S2 2UA,6,26-Sep-25,10-Jun-30,6686
23 Norfolk Park Village         ,200,Norfolk Park Road,S2 2UA,6,11-Jun-24,17-Apr-29,6438
92 Norfolk Park Village         ,200,Norfolk Park Road,S2 2UF,5,16-Sep-25,19-Nov-29,6644
54 Norfolk Park Village         ,200,Norfolk Park Road,S2 2UA,6,11-Jun-24,18-Apr-29,6440
57 Norfolk Park Village         ,200,Norfolk Park Road,S2 2UA,6,12-Jun-24,18-Apr-29,6443
104 Norfolk Park Village        ,200,Norfolk Park Road,S2 2UF,6,22-Jul-22,12-Jun-26,5881
69 Norfolk Park Village         ,200,Norfolk Park Road,S2 2UA,6,03-Feb-26,13-Feb-30,6959
33 Norfolk Park Village         ,200,Norfolk Park Road,S2 2UA,5,03-Oct-25,10-Jun-30,6719
59 Norfolk Park Village         ,200,Norfolk Park Road,S2 2UA,6,12-Jun-24,18-Apr-29,6444
87 Norfolk Park Village         ,200,Norfolk Park Road,S2 2UF,6,09-Sep-25,18-Nov-29,6715
27 Norfolk Park Village         ,200,Norfolk Park Road,S2 2UA,6,12-Jun-24,17-Apr-29,6442
64 Norfolk Park Student Villag  ,200,Norfolk Park Road,S2 3QE,6,31-Jan-24,30-Jan-29,6433
100 Norfolk Park Village        ,200,Norfolk Park Road,S2 2UF,5,16-Sep-25,19-Nov-29,6645
115 Norfolk Park Student Villa  ,200,Norfolk Park Road,S2 3QE,6,16-Sep-25,19-Nov-29,6648
79 Norfolk Park Village         ,200,Norfolk Park Road,S2 2UF,5,30-Sep-25,18-Nov-29,6667
88 Norfolk Park Village         ,200,Norfolk Park Road,S2 2UF,5,09-Sep-25,18-Nov-29,6712
90 Norfolk Park Village         ,200,Norfolk Park Road,S2 2UF,5,09-Sep-25,18-Nov-29,6711
102 Norfolk Park Village        ,200,Norfolk Park Road,S2 2UF,5,16-Sep-25,19-Nov-29,6646
47 Norfolk Park Student Village ,200,Norfolk Park Road,S2 3QE,6,16-Sep-25,15-Sep-30,7109
48 Norfolk Park Student Villag  ,200,Norfolk Park Road,S2 3QE,6,16-Sep-25,15-Sep-30,7111
14 Norfolk Park Student Villag  ,200,Norfolk Park Road,S2 3QE,6,23-Feb-26,30-Oct-30,7017
84 Norfolk Park Village         ,200,Norfolk Park Road,S2 2UF,5,03-Apr-24,02-Apr-29,6470
                                ,9,Norfolk Road,S2 2ST,6,12-Mar-26,03-Dec-30,7062
                                ,79,Norfolk Road,S2 2SZ,8,14-Oct-22,14-Aug-27,5971
                                ,87,Norfolk Road,S2 2SZ,7,16-Dec-25,05-Jan-30,6869
                                ,9b,Norfolk Road,S2 2ST,7,18-Mar-26,03-Dec-30,7081
                                ,147,Northfield Road,S10 1QP,5,03-Apr-24,03-Jan-29,6382
                                ,4,Northumberland Road,S10 2TT,5,26-Mar-24,11-Dec-28,6359
Ground Floor Flat               ,7,Northumberland Road,S10 2TT,5,19-Feb-24,18-Feb-29,6454
                                ,15,Northumberland Road,S10 2TT,8,24-Nov-22,18-Jul-27,6065
                                ,8,Osberton Place,S11 8XL,6,28-Aug-22,14-Aug-27,5926
                                ,10,Owler Lane,S4 8GA,8,31-Jan-22,03-Aug-26,5655
                                ,55,Owler Lane,S4 8GA,6,17-Sep-25,18-Jun-30,6656
                                ,27,Park Grange Mount,S2 3SP,5,26-Nov-25,20-Oct-30,6818
                                ,8,Parker's Road,S10 1BN,6,08-Sep-25,14-Dec-29,6706
                                ,10,Parker's Road,S10 1BN,8,29-Jan-26,20-Aug-30,6943
                                ,11,Parker's Road,S10 1BN,8,26-Sep-25,18-Feb-30,6666
                                ,16,Parker's Road,S10 1BN,7,05-Sep-25,08-May-30,6635
                                ,18,Parker's Road,S10 1BN,7,05-Sep-25,27-Apr-30,6637
                                ,26,Parker's Road,S10 1BN,7,12-Nov-25,01-Mar-30,6830
                                ,28,Parker's Road,S10 1BN,6,27-Jan-25,13-Jan-30,7043
                                ,32,Parker's Road,S10 1BN,5,27-Jan-26,15-Mar-30,7046
                                ,34,Parker's Road,S10 1BN,5,06-Jun-23,11-Jan-28,6184
                                ,1,Peel Terrace,S10 2GU,7,29-Mar-24,18-Dec-28,6373
                                ,2,Peel Terrace,S10 2GU,7,01-Apr-24,19-Dec-28,6378
                                ,3,Peel Terrace,S10 2GU,7,05-Mar-24,22-Nov-28,6322
                                ,7,Penrhyn Road,S11 8UL,5,13-Jul-21,22-Jun-26,5380
                                ,9,Penrhyn Road,S11 8UL,5,20-May-25,19-May-30,6779
                                ,8,Pexton Road,S4 7DA,6,04-Sep-25,07-Nov-29,6692
                                ,49,Pickmere Road,S10 1GY,5,01-Jun-25,31-May-30,7107
                                ,60,Pickmere Road,S10 1GZ,5,10-Feb-23,25-Oct-26,6111
                                ,13,Pinner Road,S11 8UG,5,30-Aug-22,30-Mar-27,5928
                                ,1,Pisgah House Road,S10 5BJ,5,31-Jan-23,04-Nov-27,6098
                                ,115,Pomona Street,S11 8JN,5,27-Sep-22,23-Nov-26,5955
                                ,116,Pomona Street,S11 8JL,6,16-Feb-26,12-Jan-30,6995
                                ,118,Pomona Street,S11 8JL,5,18-Feb-26,26-Jan-30,7003
                                ,123,Pomona Street,S11 8JN,5,05-Oct-24,04-Oct-29,6906
                                ,131,Pomona Street,S11 8JN,5,08-Oct-25,02-Jul-30,6732
                                ,136,Pomona Street,S11 8JL,5,13-May-25,27-Aug-29,6497
                                ,154,Pomona Street,S11 8JL,5,14-Oct-25,10-Sep-29,6784
                                ,162,Pomona Street,S11 8JL,5,17-Mar-26,22-Jul-29,7077
                                ,164,Pomona Street,S11 8JL,5,08-Sep-24,07-Sep-29,6891
                                ,166,Pomona Street,S11 8JL,5,18-Dec-25,29-Aug-29,6876
                                ,168,Pomona Street,S11 8JL,5,13-Jan-26,08-Sep-29,6921
                                ,174,Pomona Street,S11 8JL,5,21-Nov-25,31-May-30,7097
                                ,26,Priestley Street,S2 4DD,5,20-Dec-22,21-Oct-27,6085
Flat 1                          ,5,Priory Place,S7 1LS,6,20-Mar-24,18-Dec-28,6390
"Flat 2, Priory House            ",05-Mar,Priory Place,S7 1LS,5,13-Mar-24,17-Dec-28,6339
                                ,19-21,Priory Road,S7 1LW,23,21-Dec-21,10-Aug-26,5624
                                ,270-272,Pye Bank Road,S3 9GS,25,11-Apr-22,13-Oct-26,5734
"Flat G, Princess House          ",122,Queen Street,S1 2DW,5,26-Sep-25,17-Jun-30,6668
"Flat B, Princess House          ",122,Queen Street,S1 2DW,7,26-Sep-25,17-Jun-30,6670
"Flat F, Princess House          ",122,Queen Street,S1 2DW,7,26-Sep-25,17-Jun-30,6671
"Flat E, Princess House          ",122,Queen Street,S1 2DW,5,12-Nov-25,12-Aug-30,6828
"Flat D, Princess House          ",122,Queen Street,S1 2DW,7,12-Nov-25,12-Aug-30,6827
                                ,128,Queens Road,S2 4DH,5,21-Jan-25,20-Jan-30,6695
                                ,154,Queens Road,S2 4DH,5,11-Jun-25,10-Jun-30,7027
                                ,158,Queens Road,S2 4DH,5,08-Jul-22,29-May-27,5863
                                ,304,Queens Road,S2 4DL,5,27-Oct-21,07-Jul-26,5515
                                ,306,Queens Road,S2 4DL,5,15-Nov-22,30-Aug-27,6010
                                ,473,Queens Road,S2 4DR,5,17-Jun-22,05-Dec-26,5843
                                ,3,Ramsey Road,S10 1LR,5,03-Jun-22,12-Dec-26,5812
                                ,5,Ramsey Road,S10 1LR,0,26-Sep-23,03-Jul-28,6248
                                ,7,Ramsey Road,S10 1LR,5,03-Nov-25,29-Jul-30,6757
                                ,9,Ramsey Road,S10 1LR,5,23-Feb-26,18-May-30,7013
                                ,23,Raven Road,S7 1SB,5,15-Nov-22,13-Aug-27,6017
                                ,86,Richmond Road,S13 8TA,8,17-Oct-23,20-Aug-28,6265
                                ,131,Rock Street,S3 9JB,7,16-Nov-22,01-Jan-27,6022
                                ,37,Roebuck Road,S6 3GP,5,09-Jan-26,04-Jan-27,6916
                                ,56,Roebuck Road,S6 3GQ,5,26-Sep-25,27-Apr-30,6683
                                ,67,Roebuck Road,S6 3GQ,5,26-May-22,09-Aug-26,5790
                                ,78,Roebuck Road,S6 3GQ,6,21-Oct-25,20-Oct-30,6849
                                ,94,Roebuck Road,S6 3GQ,6,26-Jan-22,24-Sep-26,5651
                                ,96,Roebuck Road,S6 3GQ,5,04-Dec-24,23-Apr-29,6461
                                ,99,Roebuck Road,S6 3GQ,5,11-Sep-23,09-Oct-28,6246
                                ,103,Roebuck Road,S6 3GQ,4,02-Oct-25,20-Jan-30,6751
                                ,115,Roebuck Road,S6 3GQ,11,05-Nov-25,11-Nov-28,6912
                                ,2,Rosa Road,S10 1LZ,7,11-May-25,10-May-30,6834
                                ,8,Rosa Road,S10 1LZ,5,30-Jul-25,29-Jul-30,6770
                                ,10,Rosa Road,S10 1LZ,5,24-Mar-26,27-Apr-30,7090
                                ,11,Rosa Road,S10 1LZ,5,29-Jan-26,17-May-30,6941
                                ,24,Rosa Road,S10 1LZ,5,09-Mar-25,10-Mar-30,7032
                                ,26,Rosa Road,S10 1LZ,5,02-Feb-22,01-Feb-27,5667
                                ,8,Rosedale Road,S11 8NW,6,13-Apr-25,12-Apr-30,7063
                                ,12,Rosedale Road,S11 8NW,6,05-Sep-25,09-Sep-29,6697
                                ,13,Rosedale Road,S11 8NW,5,11-Dec-25,04-Jan-30,6857
                                ,14,Rosedale Road,S11 8NW,9,24-May-22,01-Jul-26,5780
                                ,16,Rosedale Road,S11 8NW,6,05-Apr-24,09-Jan-29,6385
                                ,17,Rosedale Road,S11 8NW,5,11-Dec-25,03-Jan-30,6856
                                ,18,Rosedale Road,S11 8NW,5,27-Mar-26,15-Jun-30,7110
                                ,20,Rosedale Road,S11 8NW,8,21-May-24,29-Jan-29,6422
                                ,24,Rosedale Road,S11 8NW,5,02-Feb-26,01-Feb-30,6953
                                ,25,Rosedale Road,S11 8NW,5,20-Apr-25,19-Apr-30,6855
                                ,41,Rosedale Road,S11 8NW,6,15-May-25,31-Aug-29,6499
                                ,47,Rosedale Road,S11 8NW,5,15-Jul-25,14-Sep-29,6544
                                ,48,Rosedale Road,S11 8NW,6,11-Feb-26,28-Jun-30,6979
                                ,50,Rosedale Road,S11 8NW,6,02-Jun-22,18-Mar-27,5807
                                ,11,Roslin Road,S10 1FA,8,26-Jan-22,10-Sep-26,5652
                                ,15,Roslin Road,S10 1FA,7,23-Feb-26,26-May-30,7015
                                ,40,Roslin Road,S10 1FA,6,01-Jun-25,31-May-30,6991
                                ,5,Rossington Road,S11 8SA,6,17-Mar-26,22-Feb-30,7076
                                ,16,Rossington Road,S11 8SA,6,23-Feb-25,22-Feb-30,6914
                                ,24,Rossington Road,S11 8SA,6,11-Jun-25,12-Jan-30,6505
                                ,29,Rossington Road,S11 8SA,6,08-Jul-25,15-Jan-30,6534
                                ,30,Rossington Road,S11 8SA,5,05-Jan-26,18-Mar-30,6889
                                ,19,Rutland Park,S10 2PB,9,10-Sep-25,18-Feb-30,6652
                                ,95,Sackville Road,S10 1GU,5,03-Jun-25,10-Oct-29,6520
                                ,3,Sale Hill,S10 5BX,8,16-Dec-25,08-Sep-30,6870
                                ,5,Sale Hill,S10 5BX,6,10-Oct-23,26-Aug-28,6258
                                ,9,Sale Hill,S10 5BX,6,09-Sep-25,08-Sep-30,6837
                                ,3a,Sale Hill,S10 5BX,6,24-Feb-26,27-May-30,7023
                                ,5a,Sale Hill,S10 5BX,8,08-Apr-25,07-Apr-30,6831
                                ,7a,Sale Hill,S10 5BX,6,22-Jul-22,07-May-27,5879
                                ,84,Sandford Grove Road,S7 1RR,6,17-Apr-22,16-Apr-27,6097
                                ,90,Sandford Grove Road,S7 1RR,5,26-Jul-22,13-Jul-26,5885
                                ,2,Sawdon Road,S11 8NA,5,12-Feb-25,11-Feb-30,6771
                                ,6,Sawdon Road,S11 8NA,5,08-Feb-24,07-Feb-29,6448
                                ,150,School Road,S10 1GL,6,02-Apr-24,10-Jan-29,6380
                                ,185,School Road,S10 1GJ,5,04-Jan-24,03-Jan-29,6328
                                ,186,School Road,S10 1GL,6,13-Jun-25,15-Jul-29,6512
                                ,188,School Road,S10 1GL,5,29-Nov-23,31-Oct-28,6282
                                ,198,School Road,S10 1GL,6,01-Feb-24,19-Nov-28,6309
                                ,204,School Road,S10 1GL,5,04-Dec-25,25-May-30,6847
                                ,208,School Road,S10 1GL,5,01-Sep-25,08-Dec-29,6677
                                ,209,School Road,S10 1GN,6,14-Dec-21,22-Oct-26,5609
                                ,217,School Road,S10 1GN,6,29-Nov-21,24-Aug-26,5567
                                ,224,School Road,S10 1GP,5,23-Aug-22,13-Mar-27,5916
                                ,225,School Road,S10 1GN,7,18-Feb-26,14-Feb-30,7005
                                ,234,School Road,S10 1GP,5,15-Sep-24,14-Sep-29,6845
                                ,239,School Road,S10 1GN,6,11-Jul-25,16-Feb-30,6564
                                ,241,School Road,S10 1GN,6,20-Feb-25,19-Feb-30,6971
                                ,244,School Road,S10 1GP,5,08-Sep-25,15-Mar-30,6640
                                ,246,School Road,S10 1GP,6,16-Nov-22,22-Aug-27,6020
                                ,248,School Road,S10 1GP,6,18-Feb-26,22-Feb-30,7007
                                ,255,School Road,S10 1GQ,6,14-Oct-25,11-Jan-30,6783
                                ,258,School Road,S10 1GP,5,01-Dec-23,31-Oct-28,6285
                                ,259,School Road,S10 1GQ,5,12-May-25,11-May-30,6990
                                ,260,School Road,S10 1GP,5,14-Aug-25,19-Jul-29,6913
                                ,296,School Road,S10 1GR,5,10-Sep-25,16-Jun-30,6650
                                ,314,School Road,S10 1GR,5,09-Apr-25,29-May-29,6488
                                ,336,School Road,S10 1GR,5,06-Sep-22,04-Feb-27,5936
                                ,35,Scott Road,S4 7BE,6,28-Jul-22,01-Jun-27,5889
                                ,102,Scott Road,S4 7BJ,6,08-Jun-22,20-Jun-26,5825
                                ,125,Seagrave Crescent,S12 2JQ,6,11-Jul-25,04-Sep-29,6566
                                ,6,Severn Road,S10 2SU,8,28-Jul-22,04-Jul-27,5888
                                ,66,Sharrow Lane,S11 8AL,5,29-Apr-25,17-Feb-29,6503
                                ,82,Sharrow Lane,S11 8AL,5,13-Dec-21,14-Aug-26,5601
                                ,88,Sharrow Lane,S11 8AL,5,17-May-22,16-May-27,5748
                                ,100,Sharrow Lane,S11 8AL,5,29-Mar-23,28-Nov-27,6163
                                ,213,Sharrow Lane,S11 8AN,5,04-Nov-25,03-Nov-30,7093
                                ,201-203,Sharrow Lane,S11 8AN,10,08-Dec-21,06-Jul-26,5597
                                ,15,Sharrow Street,S11 8BY,5,01-Dec-22,26-Sep-27,6095
                                ,76,Sharrow Street,S11 8BZ,7,19-May-25,12-Mar-30,6500
                                ,87,Sharrow Street,S11 8BZ,6,20-Mar-24,09-Dec-28,6347
                                ,163,Sharrow Vale Road,S11 8ZA,5,09-Feb-22,12-Jul-26,5686
                                ,167,Sharrow Vale Road,S11 8ZA,5,17-Jun-25,16-Jun-30,6701
                                ,169,Sharrow Vale Road,S11 8ZA,7,13-Mar-23,06-Feb-28,6139
                                ,181,Sharrow Vale Road,S11 8ZB,5,27-Aug-25,21-Dec-29,6610
                                ,183,Sharrow Vale Road,S11 8ZB,5,28-Aug-25,07-Jan-30,6659
                                ,193,Sharrow Vale Road,S11 8ZB,5,28-Oct-25,29-Jun-30,7087
                                ,197,Sharrow Vale Road,S11 8ZB,5,29-Jan-26,29-Apr-30,6945
                                ,205,Sharrow Vale Road,S11 8ZB,5,12-Apr-22,06-Dec-26,5736
                                ,207,Sharrow Vale Road,S11 8ZB,4,22-Jun-23,19-Mar-28,6196
                                ,223,Sharrow Vale Road,S11 8ZB,5,04-Feb-26,05-May-30,6965
                                ,225,Sharrow Vale Road,S11 8ZB,5,19-Jul-22,31-Mar-27,5873
                                ,353,Sharrow Vale Road,S11 8ZG,5,25-Sep-21,24-Sep-26,6118
                                ,1,Shearwood Road,S10 2TD,6,06-Jan-26,18-Jan-30,6904
                                ,16,Sheldon Road,S7 1GW,7,18-Feb-22,31-Oct-26,5708
                                ,18,Sheldon Road,S7 1GW,8,09-Feb-22,04-Oct-26,5691
                                ,33,Sheldon Road,S7 1GT,6,17-Nov-22,13-Aug-27,6026
                                ,84,Sheldon Road,S7 1GX,6,24-Jun-25,07-Aug-29,6539
                                ,86,Sheldon Road,S7 1GX,7,10-Nov-21,28-Apr-26,5540
                                ,88,Sheldon Road,S7 1GX,8,10-Dec-23,09-Dec-28,6417
                                ,97,Shirebrook Road,S8 9RF,5,16-Nov-22,13-Aug-27,6023
Tollgate Lodge                  ,24,Shirecliffe Lane,S3 9AD,26,02-Mar-26,05-Mar-29,7036
Shirecliffe House               ,108,Shirecliffe Lane,S3 9AE,10,17-Sep-25,16-Sep-30,7041
                                ,259,Shoreham Street,S1 4SS,5,03-Jun-22,14-Nov-26,5814
                                ,270,Shoreham Street,S1 4ST,5,22-Aug-23,23-Jul-28,6231
                                ,277,Shoreham Street,S1 4SS,5,03-Jun-22,14-Nov-26,5816
                                ,297,Shoreham Street,S2 4FA,5,04-Nov-21,23-Jun-26,5523
                                ,329,Shoreham Street,S2 4FA,6,06-Feb-24,03-Jan-29,6311
                                ,331,Shoreham Street,S2 4FA,5,25-Jan-24,03-Jan-29,6307
                                ,335,Shoreham Street,S2 4FA,6,02-Mar-23,03-Dec-27,6133
                                ,339,Shoreham Street,S2 4FA,6,01-Sep-25,18-Feb-30,6676
                                ,341,Shoreham Street,S2 4FA,5,05-Jun-25,01-Jun-29,6524
                                ,351,Shoreham Street,S2 4FA,5,11-May-23,03-May-28,6182
                                ,355,Shoreham Street,S2 4FA,6,02-Sep-25,23-Oct-29,6626
                                ,373,Shoreham Street,S2 4FA,5,16-May-24,15-May-29,6456
                                ,375,Shoreham Street,S2 4FA,5,13-Dec-21,27-Sep-26,5599
                                ,377,Shoreham Street,S2 4FA,5,28-Jul-23,08-Jun-28,6222
                                ,385,Shoreham Street,S2 4FA,5,15-Mar-24,23-Oct-28,6343
                                ,393,Shoreham Street,S2 4FA,0,09-Aug-23,08-Jun-28,6229
                                ,423,Shoreham Street,S2 4FB,5,26-May-25,25-May-30,7028
                                ,425,Shoreham Street,S2 4FB,5,21-Mar-24,25-Feb-29,6352
                                ,433,Shoreham Street,S2 4FB,5,20-Dec-22,16-Aug-27,6087
                                ,443,Shoreham Street,S2 4FB,6,09-Jun-25,08-Jun-30,6760
                                ,445,Shoreham Street,S2 4FB,5,27-Oct-21,28-Jul-26,5513
                                ,451,Shoreham Street,S2 4FB,5,04-Sep-25,18-Sep-29,6691
                                ,455,Shoreham Street,S2 4FB,5,19-Dec-22,07-Nov-27,6081
                                ,467,Shoreham Street,S2 4FB,5,07-Feb-24,08-Nov-28,6314
                                ,469,Shoreham Street,S2 4FB,6,25-Jan-24,06-Jan-29,6305
                                ,548,Shoreham Street,S2 4FE,5,20-Mar-26,02-Sep-29,7084
                                ,564,Shoreham Street,S2 4FE,5,17-Nov-22,06-Feb-27,6032
                                ,156,Slinn Street,S10 1NZ,5,25-Jan-24,03-Nov-28,6306
                                ,160,Slinn Street,S10 1NZ,5,20-Oct-25,22-Jul-29,6851
                                ,164,Slinn Street,S10 1NZ,5,21-Jul-25,31-Aug-29,6576
                                ,395,South Road,S6 3TD,6,19-May-22,25-Oct-26,5770
                                ,52,South View Road,S7 1DD,6,12-May-22,01-Apr-27,5747
                                ,77,South View Road,S7 1DB,5,01-Jul-22,15-Nov-26,5849
                                ,79,South View Road,S7 1DB,5,01-Nov-22,16-Nov-26,5595
                                ,120,South View Road,S7 1DD,5,07-Jul-25,30-Sep-29,6528
                                ,21,Southgrove Road,S10 2NP,6,09-Sep-22,17-Sep-26,5947
                                ,26,Southgrove Road,S10 2NQ,8,06-Jan-26,20-Jun-30,6902
                                ,92,Southgrove Road,S10 2NQ,6,20-May-24,05-Dec-28,6419
                                ,94,Southgrove Road,S10 2NQ,6,20-May-24,19-Jan-29,6420
                                ,36,Spooner Road,S10 5BN,5,03-Sep-24,02-Sep-29,6463
                                ,71,Spooner Road,S10 5BL,6,11-Mar-26,28-Jun-30,7054
                                ,77,Spooner Road,S10 5BL,6,20-Aug-25,13-Jan-30,6587
                                ,79,Spooner Road,S10 5BL,6,02-Jun-25,01-Jun-30,6780
                                ,81,Spooner Road,S10 5BL,6,18-Feb-26,14-Jan-30,7006
                                ,46-48,Spooner Road,S10 5BN,6,13-Mar-24,20-Nov-28,6336
                                ,9,Spring Hill,S10 1ET,5,18-Mar-26,28-Apr-30,7080
                                ,50,Spring Hill,S10 1ET,6,11-Jun-25,10-Jun-30,6874
                                ,26,Spring Hill Road,S10 1ES,6,03-Feb-22,19-Dec-27,6102
                                ,28,Spring Hill Road,S10 1ES,6,14-Apr-25,13-Apr-30,6873
                                ,29,Spring Hill Road,S10 1ES,5,02-Dec-21,01-Jun-26,5587
                                ,31,Spring Hill Road,S10 1ES,7,01-Feb-22,15-Nov-26,5659
                                ,49,Spring Hill Road,S10 1ES,6,08-Feb-24,11-Dec-28,6316
                                ,51,Spring Hill Road,S10 1ES,5,14-Feb-24,02-Dec-28,6319
                                ,55,Spring Hill Road,S10 1ES,5,01-Aug-22,26-Oct-26,5893
                                ,57,Spring Hill Road,S10 1ES,8,22-Apr-25,21-Apr-30,6832
                                ,21,Spring House Road,S10 1LT,7,09-Mar-25,08-Mar-30,6808
                                ,5,Spring View Road,S10 1LS,5,10-Jan-24,09-Jan-29,6410
                                ,16,Spring View Road,S10 1LS,5,02-Nov-22,06-Dec-26,5988
                                ,18,Spring View Road,S10 1LS,5,16-Jan-26,19-Jun-30,6931
                                ,24,Spring View Road,S10 1LS,6,30-Jan-22,29-Jan-27,5744
                                ,182,Springvale Road,S6 3NU,5,26-Aug-22,06-Aug-27,5925
                                ,206,Springvale Road,S6 3NU,6,16-Mar-23,15-Mar-28,6146
                                ,208,Springvale Road,S6 3NU,6,16-May-25,17-Feb-29,6508
                                ,211,Springvale Road,S10 1LG,5,26-May-25,25-May-30,7074
                                ,213,Springvale Road,S10 1LG,5,17-May-22,09-Apr-27,5758
                                ,215,Springvale Road,S10 1LG,5,21-Nov-22,16-May-27,6042
                                ,225,Springvale Road,S10 1LG,5,27-Aug-25,02-Feb-30,6607
                                ,227,Springvale Road,S10 1LG,9,08-Jan-26,06-Jun-30,6908
                                ,247,Springvale Road,S10 1LG,5,05-Jan-26,14-Mar-30,6895
                                ,265,Springvale Road,S10 1LJ,5,20-Dec-22,15-Aug-27,6083
                                ,312,Springvale Road,S10 1LN,5,11-Feb-26,17-Feb-30,6977
                                ,314,Springvale Road,S10 1LN,5,09-Sep-22,08-Sep-27,5943
                                ,333,Springvale Road,S10 1LL,5,08-Sep-25,16-Dec-29,6703
                                ,471,Springvale Road,S10 1LQ,5,19-May-25,06-May-29,6501
                                ,20,St Barnabas Road,S2 4TF,12,14-Jun-23,13-Jun-28,6192
                                ,75-77,St Mary's Road,S2 4AN,93,21-Dec-22,13-Oct-27,6092
                                ,11,St Thomas Road,S10 1UW,5,17-Jun-25,16-Jun-30,6983
                                ,57,St Thomas Road,S10 1UW,5,20-Aug-25,11-Aug-29,6584
                                ,7,Stafford Road,S2 2SE,5,23-Oct-24,22-Oct-29,6467
                                ,10,Stafford Road,S2 2SE,6,23-Sep-25,02-Aug-30,7092
                                ,22,Stafford Road,S2 2SE,5,19-Jul-22,06-Oct-26,5875
                                ,16,Stalker Lees Road,S11 8NJ,5,21-Sep-24,20-Sep-29,6761
                                ,22,Stalker Lees Road,S11 8NJ,5,28-Aug-25,07-Jan-30,6661
                                ,28,Stalker Lees Road,S11 8NJ,5,11-Jul-25,30-Jan-29,6537
                                ,50,Stalker Lees Road,S11 8NJ,5,02-Sep-25,04-Jan-30,6687
                                ,52,Stalker Lees Road,S11 8NJ,5,22-Dec-21,05-Jun-26,5629
                                ,60,Stalker Lees Road,S11 8NJ,5,24-Feb-26,01-Jun-30,7020
                                ,64,Stalker Lees Road,S11 8NJ,5,16-Jun-25,13-Dec-29,6702
                                ,66,Stalker Lees Road,S11 8NJ,5,11-May-25,10-May-30,6952
                                ,76,Stalker Lees Road,S11 8NL,7,25-May-21,25-Apr-26,5305
                                ,80,Stalker Lees Road,S11 8NL,5,05-Nov-25,22-Feb-30,6820
                                ,87,Stalker Lees Road,S11 8NR,5,11-Feb-26,30-Mar-30,6984
                                ,88,Stalker Lees Road,S11 8NL,5,13-Mar-24,04-Dec-28,6338
                                ,99,Stalker Lees Road,S11 8NR,5,12-Mar-26,28-Mar-30,7060
                                ,5a,Stanley Street,S3 8HJ,36,17-May-22,05-Sep-26,5774
                                ,116,Stannington View Road,S10 1SS,5,16-Jan-26,13-Sep-29,6932
                                ,15,Steade Road,S7 1DS,5,15-Jun-22,14-Jun-27,5834
                                ,104,Steven Crescent,S35 1XN,5,04-Jan-24,03-Jan-29,6327
4 Bento                         ,24,Sudbury Street,S3 7LW,5,01-Oct-24,04-Jun-29,6460
                                ,26,Sudbury Street,S3 7LW,5,23-Aug-22,05-Oct-26,5917
                                ,28,Sudbury Street,S3 7LW,5,05-Aug-22,31-Dec-27,5898
                                ,30,Sudbury Street,S3 7LW,5,01-Dec-23,31-Dec-26,6284
                                ,74,Summerfield Street,S11 8HJ,9,04-Oct-21,03-May-26,5479
                                ,51,Sydney Road,S6 3GG,6,23-Nov-22,21-Aug-27,6063
                                ,76,Sydney Road,S6 3GH,5,07-Jan-25,06-Jan-30,7042
                                ,84,Sydney Road,S6 3GH,6,26-Jan-22,25-Jan-27,5650
                                ,98,Sydney Road,S6 3GH,5,27-Mar-26,31-May-30,7112
                                ,89a,Sydney Road,S6 3GG,5,04-Feb-26,16-May-30,6964
                                ,10b,Tapton House Road,S10 5BY,6,13-Jan-26,27-Aug-30,6918
                                ,10d,Tapton House Road,S10 5BY,7,13-Jan-26,27-Aug-30,6917
                                ,12a,Tapton House Road,S10 5BY,6,13-Jan-26,27-Aug-30,6919
                                ,12b,Tapton House Road,S10 5BY,7,21-May-24,24-Jan-29,6424
                                ,12c,Tapton House Road,S10 5BY,7,21-May-24,19-Jan-29,6423
                                ,1,The Nook,S10 1EJ,5,01-Sep-25,21-Aug-29,6674
                                ,2,The Nook,S10 1EJ,6,03-Feb-26,03-Feb-30,6955
                                ,8,The Nook,S10 1EJ,5,12-Nov-21,01-Jun-26,5541
                                ,16,The Nook,S10 1EJ,6,12-Jun-25,11-Jun-30,6731
                                ,18,The Nook,S10 1EJ,5,25-Sep-25,18-Feb-30,7030
                                ,20,The Nook,S10 1EJ,5,15-Feb-23,20-Oct-27,6115
                                ,22,The Nook,S10 1EJ,5,08-Aug-23,23-May-28,6226
                                ,24,The Nook,S10 1EJ,5,21-Feb-23,06-Jul-27,6138
                                ,32,The Nook,S10 1EJ,6,20-Aug-25,16-Apr-30,6583
                                ,18,Thompson Road,S11 8RB,5,13-Jan-26,01-Jun-30,6920
                                ,21,Thompson Road,S11 8RA,6,12-Nov-21,28-Jul-26,5544
                                ,25,Thompson Road,S11 8RA,5,27-May-25,26-May-30,7071
                                ,26,Thompson Road,S11 8RB,5,02-Nov-23,01-Aug-28,6268
                                ,30,Thompson Road,S11 8RB,8,16-Sep-25,16-Dec-29,6651
                                ,32,Thompson Road,S11 8RB,5,10-Jun-25,15-Aug-29,6526
                                ,34,Thompson Road,S11 8RB,5,11-Apr-24,22-Feb-29,6393
                                ,37,Thompson Road,S11 8RA,5,28-Aug-25,19-Jan-30,6880
                                ,41,Thompson Road,S11 8RA,6,02-Jun-25,14-Jan-30,6519
                                ,54,Thompson Road,S11 8RB,6,26-May-25,25-May-30,6774
                                ,17,Townend Street,S10 1NJ,6,28-Aug-25,05-Jan-30,6662
                                ,48,Townend Street,S10 1NN,5,18-Nov-22,15-Apr-27,6034
                                ,50,Townend Street,S10 1NN,5,21-Nov-22,07-May-27,6045
Flat 3                          ,45,Trafalgar Street,S1 4GN,7,05-Apr-24,24-Jan-29,6384
Flat 1                          ,45,Trafalgar Street,S1 4GN,8,01-Apr-24,29-Jan-29,6374
Flat 2                          ,45,Trafalgar Street,S1 4GN,7,04-Apr-24,24-Jan-29,6383
Flat 4                          ,45,Trafalgar Street,S1 4GN,8,24-Jan-24,02-Oct-28,6303
                                ,5,Travis Place,S10 2DB,5,21-Oct-25,18-Feb-30,6745
                                ,9,Travis Place,S10 2DB,5,22-Jun-25,21-Jun-30,6992
                                ,11,Travis Place,S10 2DB,5,03-Apr-25,16-Jan-29,6480
                                ,38-40,Trippet Lane,S1 4EL,14,12-Jul-22,21-May-27,5865
                                ,16,Tylney Road,S2 2RY,5,22-Nov-22,10-Oct-27,6049
"Apartment 1, Ashton's Works     ",66,Upper Allen Street,S3 7GW,12,26-Apr-23,09-Nov-27,6173
                                ,86,Upper Hanover Street,S3 7RQ,10,20-Oct-25,17-Nov-29,6738
                                ,102,Upper Hanover Street,S3 7RS,7,29-Nov-23,03-Nov-28,6281
                                ,171,Upper Hanover Street,S3 7RR,6,07-Feb-23,05-Feb-28,6106
                                ,173,Upper Hanover Street,S3 7RR,6,18-Jan-23,07-Nov-27,6096
                                ,88-90,Upper Hanover Street,S3 7RQ,9,19-May-25,18-May-30,6802
                                ,285,Upperthorpe,S6 3NG,5,13-Mar-24,14-Jan-29,6337
                                ,131,Upperthorpe Road,S6 3EB,6,21-Feb-22,02-May-26,5711
                                ,135a,Upperthorpe Road,S6 3EB,6,02-Sep-25,01-Sep-29,6754
                                ,56a,Upperthorpe Road,S6 3EB,5,02-Mar-26,20-Jul-30,7034
                                ,29,Vickers Road,S5 6UY,5,08-Oct-25,17-Jul-30,6728
Flat 3                          ,22,Victoria Road,S10 2DL,6,08-Feb-24,06-Dec-28,6317
Flat 2                          ,22,Victoria Road,S10 2DL,6,08-Feb-24,09-Dec-28,6315
                                ,76,Victoria Street,S3 7QL,5,26-Apr-23,14-Dec-27,6172
                                ,71,Vincent Road,S7 1BW,5,09-Jun-22,08-Jun-27,5826
                                ,85,Vincent Road,S7 1BY,5,03-Jun-25,02-Jun-30,7029
                                ,141,Vincent Road,S7 1BY,5,15-Mar-24,18-Dec-28,6346
                                ,10,Violet Bank Road,S7 1RZ,6,17-May-22,07-Mar-27,5761
                                ,19,Vivian Road,S5 6WJ,5,05-Nov-21,11-Aug-26,5532
                                ,27,Vivian Road,S5 6WJ,5,05-Mar-25,30-May-29,6479
                                ,49,Vivian Road,S5 6WJ,6,12-Jan-26,10-Jun-29,6915
                                ,53,Vivian Road,S5 6WJ,6,21-Mar-22,30-Jul-26,5723
                                ,7,Wadbrough Road,S11 8RF,6,02-Oct-25,19-Jan-30,7121
                                ,30,Wadbrough Road,S11 8RG,6,07-May-24,30-Jan-29,6403
                                ,31,Wadbrough Road,S11 8RF,8,17-Mar-25,16-Mar-30,6803
                                ,32,Wadbrough Road,S11 8RG,5,07-May-24,08-Jan-29,6399
                                ,43,Wadbrough Road,S11 8RF,5,16-Mar-23,17-Jun-27,6150
                                ,56,Wadbrough Road,S11 8RG,7,25-May-25,24-May-30,6951
                                ,61,Wadbrough Road,S11 8RF,5,01-Jun-22,29-Jan-27,5802
                                ,69,Wadbrough Road,S11 8RF,5,06-Jan-26,12-May-30,6899
                                ,75,Wadbrough Road,S11 8RF,5,20-Oct-25,20-Jan-30,6739
                                ,136,Walkley Street,S6 2WT,5,26-Mar-24,26-Nov-28,6358
                                ,3,Walton Road,S11 8RE,5,21-Mar-23,21-Jun-27,6155
                                ,11,Walton Road,S11 8RE,6,21-Dec-22,14-Sep-27,6090
                                ,12,Walton Road,S11 8RE,5,20-May-25,12-Jan-30,6504
                                ,19,Walton Road,S11 8RE,6,12-Apr-25,11-Apr-30,6875
                                ,20,Walton Road,S11 8RE,6,06-Jun-25,05-Jun-30,7070
                                ,26,Walton Road,S11 8RE,5,24-Feb-26,29-May-30,7018
                                ,27,Walton Road,S11 8RE,6,15-Oct-25,28-Apr-30,6789
                                ,29,Walton Road,S11 8RE,5,03-Mar-26,12-Apr-30,7039
                                ,31,Walton Road,S11 8RE,6,25-May-25,24-May-30,7069
                                ,43,Walton Road,S11 8RE,6,02-Mar-26,22-Jun-30,7035
                                ,45,Walton Road,S11 8RE,7,19-Jan-26,17-Jun-30,6936
                                ,2,Warrington Road,S10 1EN,7,08-Mar-24,22-Nov-28,6332
                                ,16,Watson Road,S10 2SD,8,27-Aug-25,26-Aug-30,7115
                                ,2,Wayland Road,S11 8YE,5,23-Feb-26,29-May-30,7016
                                ,12,Wayland Road,S11 8YE,5,02-Sep-25,16-Dec-29,6679
                                ,43,Wayland Road,S11 8YD,5,10-Oct-23,31-Jul-28,6256
                                ,74,Wayland Road,S11 8YE,5,03-Feb-26,21-Jun-30,6962
                                ,82,Wayland Road,S11 8YE,5,28-Jul-23,23-May-28,6221
                                ,2,Well Meadow Drive,S3 7GU,7,26-Jun-23,21-Mar-28,6203
                                ,4,Well Meadow Drive,S3 7GU,7,09-Feb-23,08-Feb-28,6205
                                ,6,Well Meadow Drive,S3 7GU,7,26-Jun-23,21-Mar-28,6201
                                ,8,Well Meadow Drive,S3 7HP,7,14-Jun-23,13-Jun-28,6189
                                ,10,Well Meadow Drive,S3 7GU,19,13-Jun-23,19-Jun-28,6188
Flat 1b Cavendish House         ,220-238,West Street,S1 4EU,10,10-Apr-24,09-Apr-29,6926
Flat 2a Cavendish House         ,220-238,West Street,S1 4EU,18,10-Apr-24,09-Apr-29,6924
Flat 2b Cavendish House         ,220-238,West Street,S1 4EU,10,10-Apr-24,09-Apr-29,6925
Flat 1A Cavendish House         ,220-238,West Street,S1 4EU,17,01-Jul-25,09-Apr-29,6549
Flat 1                          ,90-92,West Street,S1 4EP,6,16-Apr-24,11-Feb-29,6400
Flat 2                          ,90-92,West Street,S1 4EP,6,26-Mar-24,01-Jan-29,6360
                                ,3,Westbourne Road,S10 2QQ,6,12-Jan-24,14-Oct-28,6296
                                ,5,Westbourne Road,S10 2QQ,6,14-Feb-24,30-Sep-28,6321
                                ,3,Westbrook Bank,S11 8YJ,5,10-Feb-26,22-Feb-30,6976
                                ,5,Westbrook Bank,S11 8YJ,6,28-Nov-23,09-Sep-28,6280
                                ,27,Westbrook Bank,S11 8YJ,6,09-Feb-22,25-Oct-26,5694
                                ,43,Westbrook Bank,S11 8YJ,6,14-Aug-25,02-Sep-29,6863
                                ,297,Western Bank,S10 2TJ,8,19-Mar-25,04-Feb-29,6482
                                ,299,Western Bank,S10 2TJ,5,09-Mar-26,23-Oct-30,7045
                                ,303,Western Bank,S10 2TJ,6,18-Nov-22,02-May-27,6036
                                ,49,Western Road,S10 1LB,5,12-Dec-22,27-Sep-27,6078
                                ,51,Western Road,S10 1LB,5,14-Dec-22,11-Dec-27,6077
                                ,55,Western Road,S10 1LB,5,26-Mar-24,03-Sep-28,6355
                                ,62,Western Road,S10 1LA,6,16-Oct-25,27-Apr-30,6796
                                ,70,Western Road,S10 1LA,5,21-Aug-25,17-Dec-29,6655
                                ,78,Western Road,S10 1LA,6,05-Nov-25,17-May-30,6819
                                ,84,Western Road,S10 1LA,5,11-Jul-25,14-Jan-30,6567
                                ,86,Western Road,S10 1LA,6,10-Nov-25,13-Jan-30,6822
                                ,145,Western Road,S10 1LD,5,03-Jan-24,06-Nov-28,6295
                                ,158,Western Road,S10 1LD,6,11-Sep-25,17-Feb-30,6642
                                ,200,Western Road,S10 1LF,5,03-Mar-26,10-Jun-30,7040
                                ,204,Western Road,S10 1LF,5,07-Jul-22,11-Apr-27,5860
                                ,208,Western Road,S10 1LF,5,13-Jan-26,10-May-30,6922
                                ,210,Western Road,S10 1LF,5,15-Nov-22,13-Aug-27,6018
                                ,211,Western Road,S10 1LE,7,02-Jun-25,01-Jun-30,7072
                                ,212,Western Road,S10 1LF,5,30-Sep-25,22-Dec-29,6714
                                ,213,Western Road,S10 1LE,6,02-Sep-25,17-Dec-29,6628
                                ,256,Western Road,S10 1LF,5,22-Dec-25,08-Mar-30,6881
                                ,271,Western Road,S10 1LE,7,02-Jun-25,01-Jun-30,6954
                                ,38,Westmoreland Street,S6 3JA,5,22-Jun-23,31-Mar-28,6194
                                ,1,Wharncliffe Road,S10 2DH,7,30-Jan-24,29-Jan-29,6418
                                ,12,Wharncliffe Road,S10 2DH,8,22-Nov-22,15-Aug-27,6051
                                ,27,Wheldrake Road,S5 6UD,5,16-Nov-22,09-Jun-27,6025
                                ,104,Wheldrake Road,S5 6UE,5,03-Mar-26,02-Dec-30,7038
                                ,108,Whitehouse Lane,S6 2UX,5,15-Jul-22,16-Aug-27,5869
                                ,97,Whitham Road,S10 2SL,7,11-Jun-25,11-Dec-29,6506
                                ,99,Whitham Road,S10 2SL,7,04-Oct-21,01-Jul-26,5483
                                ,101,Whitham Road,S10 2SL,6,11-Jun-25,04-Jan-30,6507
                                ,103,Whitham Road,S10 2SL,6,17-May-25,16-May-30,7067
                                ,105,Whitham Road,S10 2SL,8,03-Mar-26,02-Jun-30,7037
                                ,107,Whitham Road,S10 2SL,8,31-Jul-25,04-Feb-29,6590
                                ,108,Whitham Road,S10 2SQ,7,24-Nov-22,12-Aug-27,6066
                                ,118,Whitham Road,S10 2SQ,7,19-May-22,24-Aug-26,5768
                                ,120,Whitham Road,S10 2SQ,7,18-May-22,30-Jan-27,5764
                                ,123,Whitham Road,S10 2SN,6,30-Sep-25,07-Apr-30,6713
                                ,124,Whitham Road,S10 2SQ,9,27-Apr-25,26-Apr-30,7113
                                ,125,Whitham Road,S10 2SN,7,18-Nov-22,11-Apr-27,6038
                                ,126,Whitham Road,S10 2SQ,6,08-Jun-22,10-Sep-26,5824
                                ,127,Whitham Road,S10 2SN,7,18-Nov-22,16-Apr-27,6037
                                ,139,Whitham Road,S10 2SN,5,18-Nov-22,16-Apr-27,6040
                                ,141,Whitham Road,S10 2SN,5,18-Nov-22,11-Apr-27,6035
                                ,153,Whitham Road,S10 2SN,6,07-Oct-25,16-Mar-30,6725
                                ,173,Whitham Road,S10 2SN,5,05-Jan-26,26-Mar-30,6892
                                ,185,Whitham Road,S10 2SN,6,24-May-25,23-May-30,7068
Flat A                          ,106a,Whitham Road,S10 2SQ,5,07-Feb-24,26-Oct-28,6313
                                ,1,Wilkinson Street,S10 2GA,6,22-Nov-22,22-Dec-26,6052
                                ,2,Wilkinson Street,S10 2GA,6,09-Jun-25,08-Jun-30,6998
                                ,3,Wilkinson Street,S10 2GA,0,11-May-25,10-May-30,7099
                                ,4,Wilkinson Street,S10 2GA,6,27-May-25,26-May-30,6999
                                ,6,Wilkinson Street,S10 2GA,6,08-Jun-25,07-Jun-30,7000
                                ,8,Wilkinson Street,S10 2GA,6,11-Jul-25,07-Apr-30,6569
                                ,9,Wilkinson Street,S10 2GA,6,23-Aug-23,06-Jun-27,6233
                                ,10,Wilkinson Street,S10 2GA,6,22-Jun-23,15-Jul-26,6195
                                ,11,Wilkinson Street,S10 2GA,6,09-Jul-25,22-Jul-29,6558
                                ,13,Wilkinson Street,S10 2GA,6,11-Jun-25,24-Nov-29,6516
                                ,17,Wilkinson Street,S10 2GA,8,08-Dec-25,07-Mar-30,6852
                                ,33,Wilkinson Street,S10 2GB,9,25-Jul-22,24-Aug-26,5882
                                ,60,Wilkinson Street,S10 2GJ,6,22-Dec-25,09-May-30,6884
                                ,6a,Wilkinson Street,S10 2GA,6,05-Jan-23,04-Jan-28,6116
                                ,6B,Wilkinson Street,S10 2GA,6,05-Jan-23,04-Jan-28,6117
                                ,99,William Street,S10 2BZ,8,02-Dec-22,01-Dec-27,6071
                                ,101,William Street,S10 2BZ,7,23-Nov-23,11-Sep-28,6276
                                ,17,Wiseton Road,S11 8SB,6,26-May-25,25-May-30,6836
                                ,13,Wood Road,S6 4LU,5,07-May-24,11-Jan-29,6401
                                ,73,Woodseats Road,S8 0PH,5,05-Jul-22,26-Mar-27,5857
                                ,63,Woodstock Road,S7 1HA,6,26-Oct-21,18-Aug-26,5507
                                ,33,Wostenholm Road,S7 1LB,9,21-Jan-25,20-Jan-30,6801
